"","brnn_predictions","merged_data.Rating","merged_data.Year","minutes","pct3PRate","pctFTRate","pctORB","pctDRB","pctAST","pctSTL","pctBLK","pctTOV","pctUSG","ratioOWS","ratioWSPer48","ratioDBPM","X.","Rating"
"4",79.9052789814668,80,2020,-0.27491725027841,-0.0747131418264124,0.526577952812104,-0.151427063409318,0.0603622684309676,0.156718935657472,-0.44683401401632,-0.557203982789427,-0.475643058392401,0.279297559432313,-0.235588694264219,0.100657738874373,0.31247362321274,-1.97748471470821,0.769953824714859
"6",72.9902751692668,73,2020,-0.541610782061013,0.309522003255883,-1.10086855459892,-0.349237191286355,-0.609589591727193,0.949100098614719,-0.409354362784286,0.511976111746467,-0.134816787278755,0.247036896168071,-0.450410475139777,0.0467656301214065,0.144241300831128,-1.11244689159946,-0.374765822209965
"9",70.0189400453287,70,2020,-1.0978597181619,0.854423572231255,0.520242941086273,-0.315131996824797,-0.419980574701298,-0.96251945701964,2.88510698051151,-0.523440400856715,1.71749990355628,0.0696032482147346,-1.00792338559291,-1.37490927974017,-0.169588106570158,-0.13502816927819,-1.00446110685735
"10",87.278488395785,87,2020,-0.334177502132013,0.0130676903331336,-0.329941777150701,-0.0491114800246438,0.249971285456862,0.54300475259913,-0.4243462232771,-0.51218587354581,-0.742376661872646,0.327688554328678,-0.0489430111014471,0.595738174295985,0.665494806777559,1.46479886425325,1.59204296632118
"14",76.8818204827765,77,2020,-0.543910711026799,0.249209911602847,0.945935742375611,-0.0900377133785134,0.553345712698293,-0.734709872669432,-0.409354362784286,-0.542197946374888,0.206009483834892,-0.914346981344673,-0.848989912480604,-0.327341083196015,1.13009505601179,-1.32134190796824,0.327118419748069
"17",72.02344796723,72,2020,-0.449830101283383,-0.0377657881629579,1.41827392303878,-0.396984463532536,-0.0786843440546885,-0.0413763550818401,2.88510698051151,-0.553452473685792,-0.579372793079163,0.456731207385649,0.0359676164827333,0.155027576184252,-0.901611311127745,-0.421507004355692,-0.573737938258313
"20",72.0633975973871,72,2020,-0.581523912189768,0.3280891504747,-1.11009490002098,2.19501031554588,-0.723355001942729,-0.0710906486927369,-0.386866572045066,-0.549700964582157,0.650565489635299,-0.76917399665558,-0.848989912480604,-0.246297975142965,0.894997171405729,-0.938089950123625,-0.573737938258313
"23",74.9431644516607,75,2020,-0.64623479277555,-0.00542133220265793,1.43808695967532,0.0736672200369655,0.66711112291383,-0.724805108132466,1.76071744355049,-0.399640600436769,0.0874612156214494,-0.301394379324059,-0.70360157760461,-0.592200502642767,0.144241300831128,0.763355998124743,-0.00620687947820712
"28",72.0061871922026,72,2020,-1.28404936427586,1.03218303023359,1.61141108064187,-0.219637452332434,0.641829920643711,-1.17051951229592,2.13551395587083,-0.613476619343948,0.902480559588864,-0.898216649712551,-0.571363722810607,0.0467656301214065,-0.868537159895393,0.907104760701075,-0.573737938258313
"29",70.0292969493249,70,2020,-1.56713579872508,-1.59434292101615,1.337867656587,0.823981498191244,0.578626914968412,-0.516805052856188,-0.488061630371558,-0.613476619343948,-0.653465460712564,-0.494958358909516,-0.571363722810607,1.63528488377127,-0.316728010834958,0.712817894302602,-1.00446110685735
"30",72.8814052011044,73,2020,-1.44723574492566,1.03218303023359,-0.619505264695714,-0.362879269070978,-0.116606147459867,-1.38842433210916,-0.409354362784286,-0.463416255198559,-1.91304081048039,-0.801434659919823,-0.571363722810607,0.220904875051714,-0.9673677905203,1.12473778903553,-0.374765822209965
"32",74.9196735770699,75,2020,-1.03587197993099,1.11182705883603,2.12286517491072,4.92342587247053,-0.634870793997312,0.2062427583423,2.51031046819117,-0.515937382649445,1.71749990355628,0.295427891064435,-0.571363722810607,-0.337388342957942,-0.801975395808807,0.104085115231631,-0.00620687947820712
"34",68.9935237759388,69,2020,-1.91308504051242,-1.59434292101615,-1.98724135400543,0.987686431606723,-0.457902378106477,3.53424364276274,-0.488061630371558,-0.613476619343948,1.79159257118968,0.0857335798468561,-0.571363722810607,4.17879297831045,-0.494539424507303,-0.13502816927819,-1.23774187683341
"39",89.0955914065716,89,2020,-0.210663713172521,-1.40480662975428,0.66340325802631,0.544318903606467,3.24579375446599,0.0873855838987125,-0.405606397661083,-0.437155691473116,0.932117626642224,1.15033546756687,-0.0489430111014471,0.53757158663049,1.66381370584109,-1.97748471470821,1.78378780513179
"50",80.01452017278,80,2020,-0.332329683836082,-0.166998079475272,0.049837891799825,-0.274205763470927,-0.521105383781775,0.45386187176644,-0.450581979139524,-0.51968889175308,-0.97947319829953,1.56972409000203,0.264120969475628,0.60743092109487,-0.529426878939754,0.607250883692695,0.769953824714859
"51",74.052114341292,74,2020,-0.425167075791455,0.649069271864725,-0.176961042382479,5.60552976170169,-1.05201063145428,-0.397947878412601,-0.44683401401632,1.26227793247341,-0.594191326605843,0.327688554328678,-0.235588694264219,-0.286967533135778,-1.00005803519162,-1.58791743355503,-0.185797629811158
"55",94.0394794529633,94,2020,-0.207389030727161,-0.89622804212264,1.14455905275676,-0.0150062855630856,0.603908117238532,0.136909406583541,-0.416850293030693,-0.31335589105317,-0.119998253752075,1.87620039101234,0.332766324965261,1.6889957525479,2.2674396985108,-1.11244689159946,2.19828956160275
"58",71.9826033509932,72,2020,-0.756329386562281,2.13465774380996,0.311972964927546,-0.253742646793992,0.0350810661608483,-0.883281340723916,2.13551395587083,-0.549700964582157,0.517198687895177,-1.17243228745862,-1.00792338559291,-1.13436575843349,-0.0166150413878237,1.49933940198473,-0.573737938258313
"60",78.1180361445682,78,2020,-0.523416136822486,0.495394072006004,0.397901661471388,-0.0627535578092669,0.439580302482756,0.651957162505752,1.76071744355049,-0.51218587354581,-0.549735726025802,0.327688554328678,0.332766324965261,1.8521731374529,0.442543999272722,1.59971424135311,0.481887855041913
"63",74.9392645569043,75,2020,-0.449830101283383,0.933901358099616,-0.561708557578166,-0.321953035717109,-0.849761013293326,-0.615852698225845,2.13551395587083,1.26227793247341,-0.875743463612768,-0.720783001759216,-0.338950442039972,-0.357427624446689,-0.632921903574403,0.763355998124743,-0.00620687947820712
"64",75.9128478922849,76,2020,-0.555498129569607,-0.0747131418264124,-1.03677992467425,-0.342416152394043,-0.723355001942729,-0.496995523782257,-0.4243462232771,0.511976111746467,-0.253365055492197,-0.559479685438001,-0.450410475139777,0.0898411645844335,0.144241300831128,-0.13502816927819,0.164586141946783
"66",81.0639911042471,81,2020,-0.321313681364997,-1.32790147707185,2.523279855656,0.0395620255754074,1.48875019669271,0.70148098519058,-0.405606397661083,-0.440907200576751,0.783932291375422,-0.107830399738601,0.192029048082811,1.56862296840095,2.88943280008073,0.0285099185968591,0.904078836866191
"68",71.0112043494722,71,2020,-0.557833421618723,2.27692553915237,-0.102464327381606,-0.383342385747913,-1.11521363712958,-0.78423369535426,-0.439338083769914,0.511976111746467,-0.683102527765924,-0.462697695645273,-0.571363722810607,-0.446696224632069,-0.868537159895393,0.245075100299846,-0.783391710583977
"71",87.2606814929331,87,2020,-0.364217946893914,-1.59434292101615,0.475609445163436,-0.192353296763188,-0.0786843440546885,1.71176696796107,-0.368126746429049,-0.553452473685792,1.55449603476279,0.13412457474322,-0.338950442039972,0.377325289819247,1.13009505601179,0.763355998124743,1.59204296632118
"74",74.9549995491159,75,2020,-0.866410301418972,-1.59434292101615,2.82490581737323,-0.00136420777846236,-0.596948990592133,-0.576233640077982,-0.443086048893117,-0.474670782509463,-0.327457723125598,0.150254906375341,-0.338950442039972,0.198868791087849,-0.206852183341018,-0.421507004355692,-0.00620687947820712
"76",88.2701606520985,88,2020,-1.37771178620573,0.0269375384213081,1.37830358639903,-0.383342385747913,0.477502105887935,2.3357671337899,2.88510698051151,-0.557203982789427,0.70983962374202,2.79562929404326,-0.70360157760461,-0.733657091278441,-0.734830180701837,0.660818162494064,1.68997108090088
"78",77.8809038223678,78,2020,-0.445675203007951,-0.346605457637491,-0.823439739686621,0.0873092978215887,1.03368855583056,-0.487090759245292,-0.4243462232771,-0.557203982789427,-0.757195195399326,0.198645901271706,-0.571363722810607,-0.347417184552131,-0.169588106570158,-1.58791743355503,0.481887855041913
"82",87.2116044498107,87,2020,-0.297850714835729,0.137990741604104,0.669509077915528,-0.321953035717109,-0.571667788322014,1.53348120629569,-0.431842153523507,1.63742884283688,-0.105179720225394,2.32784967671174,0.332766324965261,0.388644041559875,-1.03262786359585,-1.11244689159946,1.59204296632118
"86",85.2616043278496,85,2020,-0.445675203007951,-0.240739322821515,0.501176300027015,-0.321953035717109,0.705032926319009,0.70148098519058,-0.439338083769914,-0.523440400856715,0.0281870815147283,1.73102740632324,0.116121789407795,0.619143515926626,-0.131964518343562,0.104085115231631,1.38291678196058
"88",71.9620194421599,72,2020,-1.27179827735714,2.11096607295334,-1.29844116788236,-0.431089657994094,-0.799198608753087,1.08776680213224,-0.43559011864671,-0.613476619343948,0.14673534972817,0.488991870649892,-0.70360157760461,-0.466332661759065,-1.19378508697918,0.494924341590943,-0.573737938258313
"93",76.9098006640602,77,2020,-0.389315818826324,0.947934638865487,0.258167158350627,-0.335595113501732,-0.0786843440546885,-0.704995579058535,-0.443086048893117,-0.31335589105317,-0.357094790178959,-0.156221394634965,-0.338950442039972,0.491393907694492,1.86276549141952,-0.13502816927819,0.327118419748069
"94",72.9933829006902,73,2020,-0.393234655763003,-0.635739208718663,0.520242941086273,-0.253742646793992,-0.331496366755881,0.434052342692508,-0.428094188400303,-0.568458510100331,1.18403269659579,-0.462697695645273,-1.00792338559291,-1.04830671169343,-0.0939518433829008,-0.653097285427108,-0.374765822209965
"96",71.912964211591,72,2020,-1.18690112164369,0.263123847091576,-1.98724135400543,-0.0286483633477088,-0.0407625406495095,-0.546519346467085,-0.405606397661083,-0.309604381949536,-0.268183589018877,-0.20461238953133,-0.70360157760461,-0.515105472568749,1.27354224177781,-0.787088947658043,-0.573737938258313
"99",74.9356745684094,75,2020,-0.324972275443716,1.14464297305955,-0.432338957662206,-0.444731735778718,-0.824479811023206,-0.764424166280328,2.88510698051151,-0.613476619343948,-1.11284000003965,0.182515569639584,0.0359676164827333,-0.153703733697928,-1.41516857581964,-0.13502816927819,-0.00620687947820712
"102",82.0172597079614,82,2020,-0.27491725027841,0.999409872292609,-0.90230618792405,-0.315131996824797,-0.167168552000106,-0.407852642949567,-0.43559011864671,-0.564707000996696,0.14673534972817,1.44068143694506,-0.571363722810607,-0.668144189284458,-0.901611311127745,0.712817894302602,1.03210310608367
"105",70.0088785067615,70,2020,-1.86779072523652,-1.59434292101615,-1.87833303658186,0.155519686744705,2.10813965231063,-1.38842433210916,-0.319403199827404,0.0205284191703193,5.64441128812655,0.698686181867471,-0.848989912480604,-2.12713650245568,3.63466966567736,1.72667885270664,-1.00446110685735
"109",75.7157695546308,76,2020,-1.65874806323979,-0.621999662864743,-1.98724135400543,-0.533405241378769,0.161487077511445,-1.38842433210916,-0.488061630371558,-0.485925309820367,1.98423350703652,2.24719801855113,-1.00792338559291,-3.46738887129379,-1.87594602804568,-1.97748471470821,0.164586141946783
"111",74.9330366512187,75,2020,-0.317668337463963,0.812377649891532,-0.84085019600687,-0.424268619101783,-0.533745984916835,-0.417757407486533,-0.431842153523507,0.887127022109939,-0.0014499855386323,-0.833695323184066,-0.70360157760461,-0.668144189284458,0.0227985276103175,0.245075100299846,-0.00620687947820712
"112",72.0386747791123,72,2020,-0.929659363971852,-0.40177508231874,2.12686514384129,4.24132198323937,0.742954729724187,-0.576233640077982,-0.439338083769914,-0.564707000996696,0.428287486735095,-0.107830399738601,-0.70360157760461,-0.485896282797893,0.0227985276103175,0.176150887934848,-0.573737938258313
"115",73.6371652888692,74,2020,-2.15824126642008,-1.59434292101615,-1.98724135400543,-0.533405241378769,-1.96213391317857,-1.38842433210916,-0.488061630371558,-0.613476619343948,-1.91304081048039,-3.02742042515258,-0.70360157760461,-1.21042795156635,-0.424124388388856,1.04061513758996,-0.185797629811158
"121",73.9621580445844,74,2020,-1.53684883922248,-1.59434292101615,1.10677841850451,-0.315131996824797,1.6783592137186,-0.952614692482675,-0.488061630371558,-0.429652673265847,0.235646550888252,-0.333655042588302,-0.571363722810607,0.797225354895986,0.355490174262602,0.104085115231631,-0.185797629811158
"122",71.0218455533588,71,2020,-1.74223948769257,-1.59434292101615,-0.306647738736352,2.16772615997663,0.31317429113216,0.63214763343182,-0.488061630371558,-0.272089290913189,-1.91304081048039,1.40842077368081,-0.571363722810607,3.64209524564232,0.84862300798467,-0.532130609394434,-0.783391710583977
"126",70.9975270453957,71,2020,-0.994708342652739,-0.0423852440199449,0.371657888804896,0.626171370314207,0.0982840718361465,-0.922900398871778,-0.420598258153896,-0.298349854638632,-0.860924930086088,0.0534729165826132,-0.450410475139777,0.992168047519557,1.81280512723186,0.660818162494064,-0.783391710583977
"128",68.0057322542874,68,2020,-1.53684883922248,0.439585883734679,-1.98724135400543,-0.533405241378769,-0.36941817016106,0.87976674685596,-0.390614537168269,-0.433404182369481,1.79159257118968,-0.785304328287701,-0.848989912480604,-1.43900648955123,0.620343742786785,-0.319326317381433,-1.48409773657962
"132",85.0789643086118,85,2020,-0.254193624979458,0.110211778050092,1.54983913818279,4.92342587247053,-0.280933962215642,1.57310026444355,-0.368126746429049,-0.613476619343948,0.235646550888252,0.521252533914135,0.332766324965261,1.12921242229015,0.31247362321274,-1.11244689159946,1.38291678196058
"133",75.9941824712108,76,2020,-0.856354942491167,-0.0423852440199449,1.65338489460118,-0.0900377133785134,0.780876533129366,-1.10118616053716,2.88510698051151,-0.44841021878402,0.0726426820947691,0.13412457474322,-0.235588694264219,0.60743092109487,-0.667058196488228,1.20540484736787,0.164586141946783
"136",84.1254080718657,84,2020,-0.360412832757059,-1.59434292101615,0.358471097605015,0.162340725637017,2.2092644613911,-0.87337657618695,-0.43559011864671,-0.369628527607691,-0.43118745781236,-0.382046037484666,0.192029048082811,1.3201031553513,1.51621497526957,0.176150887934848,1.27121024023552
"139",78.9935283672505,79,2020,-0.415074700435158,-0.557843364675385,0.724028300593812,0.421540203544858,1.04632915696562,-0.635662227299776,-0.44683401401632,-0.575961528307601,-0.0310870525919929,0.0212122533183698,0.116121789407795,0.456967387514507,-0.424124388388856,1.39396250545696,0.629356557883113
"141",76.9009439236272,77,2020,-0.312224913699178,-0.365000307728577,-0.0147603173793782,-0.315131996824797,-0.925604620103683,-0.13051923591453,-0.450581979139524,0.136825201382996,-0.638646927185884,1.26324778899172,-0.338950442039972,-0.417104750432367,-1.03262786359585,-1.32134190796824,0.327118419748069
"144",72.9923121479773,73,2020,-0.537028195312539,-0.42934304663126,-0.636155526328494,-0.294668880147862,-0.69807379967261,0.859957217782029,2.88510698051151,-0.500931346234906,0.739476690795381,-0.527219022173759,-0.848989912480604,-0.880145387543591,-0.131964518343562,-0.319326317381433,-0.374765822209965
"146",71.8263320288822,72,2020,-1.63409793397536,-0.0747131418264124,-1.98724135400543,-0.533405241378769,-1.46915046891125,-1.38842433210916,-0.488061630371558,-0.613476619343948,-1.91304081048039,-0.672392006862852,-0.70360157760461,-1.21879951335746,-1.72418694970373,-1.58791743355503,-0.573737938258313
"149",74.9813208488985,75,2020,-0.435366317695185,-0.139325178528118,0.049837891799825,-0.390163424640225,-1.1404948393997,1.30567162194548,2.88510698051151,-0.613476619343948,-0.41636892428568,-0.0917000681064799,-0.13921762998074,0.0790436830017582,-0.835326720241946,0.104085115231631,-0.00620687947820712
"151",71.9010835426307,72,2020,-1.68483197797678,1.87436229134177,-1.98724135400543,-0.533405241378769,0.148846476376385,-0.110709706840599,-0.488061630371558,-0.613476619343948,0.206009483834892,1.16646579919899,-0.848989912480604,-1.7012146546082,-1.25751278058716,-0.787088947658043,-0.573737938258313
"155",74.9533443260418,75,2020,-0.747553824933259,-1.30526207119187,0.224172337940637,0.0736672200369655,-0.36941817016106,-0.704995579058535,-0.416850293030693,-0.425901164162212,0.472743087315136,-0.930477312976794,-0.235588694264219,0.354746329373884,0.620343742786785,0.997142166099756,-0.00620687947820712
"158",92.2865748199543,92,2020,-0.0810804145184097,0.523312989588215,1.09591090696739,-0.444731735778718,-0.495824181511656,1.66224314527624,-0.43559011864671,-0.568458510100331,-0.297820656072238,1.53746342673779,0.928304009351046,1.52887925873743,-0.494539424507303,-1.97748471470821,2.04265776727145
"161",72.9919441265849,73,2020,-0.635964792453041,0.165780077654532,0.900298764227259,-0.267384724578616,-0.0660437429196288,-0.160233529525427,-0.428094188400303,-0.613476619343948,-0.283002122545557,0.279297559432313,-0.450410475139777,-0.553797433123897,-0.934553497011451,-1.58791743355503,-0.374765822209965
"163",74.8978773826684,75,2020,-0.986750267147687,0.803037000082594,-1.31768485619799,-0.431089657994094,-0.647511395132371,-0.407852642949567,-0.431842153523507,2.38773066356383,-1.02392879887957,-0.382046037484666,-0.571363722810607,-0.524805603936923,-0.801975395808807,0.551997441423238,-0.00620687947820712
"167",82.1161748846325,82,2020,-0.271434206519487,0.849750754816172,1.45778653488251,-0.403805502424848,0.110924672971206,-0.506900288319223,-0.450581979139524,0.136825201382996,-0.683102527765924,0.859989498188685,0.460945663575923,1.21771592607668,-0.734830180701837,-0.421507004355692,1.03210310608367
"170",77.9333314807573,78,2020,-0.383466836272716,1.5817799786027,-1.0458826744986,-0.321953035717109,-0.660151996267431,-0.695090814521569,-0.390614537168269,-0.545949455478523,0.013368547988048,-0.801434659919823,-0.338950442039972,0.434114575042858,0.894997171405729,0.104085115231631,0.481887855041913
"174",74.4524167271171,75,2020,-1.80894310091303,-1.59434292101615,-1.98724135400543,-0.533405241378769,-1.96213391317857,-1.38842433210916,-0.360630816182642,-0.38463456402223,-1.91304081048039,-1.0111289711374,-0.70360157760461,-1.2521282936027,2.62823571283011,-0.13502816927819,-0.00620687947820712
"177",73.9743601979992,74,2020,-0.441538309195962,1.56764587674517,0.0923542412586468,-0.301489919040174,-0.243012158810463,-0.922900398871778,-0.409354362784286,-0.515937382649445,-0.41636892428568,-0.849825654816187,0.0359676164827333,0.642628315301133,0.442543999272722,-0.938089950123625,-0.185797629811158
"185",68.0110066079312,68,2020,-1.8275523944609,1.48288672842126,-1.98724135400543,-0.533405241378769,-1.96213391317857,-0.37813834933867,-0.488061630371558,-0.613476619343948,4.01437260019172,-0.382046037484666,-0.70360157760461,-1.96907593981483,-1.69362759275533,0.176150887934848,-1.48409773657962
"191",83.0922968500942,83,2020,-1.55683185072614,-1.59434292101615,-1.98724135400543,0.155519686744705,1.46346899442259,-1.38842433210916,-0.43559011864671,-0.219568163462302,-1.91304081048039,-0.123960731370723,-0.571363722810607,1.74304672044691,0.398852179386302,0.607250883692695,1.15437269572658
"194",79.972708399055,80,2020,-0.557833421618723,-1.06473058202031,0.705941386213079,-0.151427063409318,1.43818779215247,1.52357644175872,-0.390614537168269,-0.557203982789427,1.09512149543571,0.618034523706863,-0.450410475139777,-0.0595936211587575,0.84862300798467,-0.787088947658043,0.769953824714859
"196",76.9751812451579,77,2020,-0.490237398037853,-0.31900389416699,0.30528628893878,-0.36970030796329,-0.268293361080583,0.523195223525199,-0.386866572045066,-0.560955491893062,-0.475643058392401,-0.946607644608916,0.116121789407795,0.955221050582979,0.530861619753514,1.87576953221543,0.327118419748069
"199",86.0911219959432,86,2020,-0.176774934217311,-1.51319507691831,0.928887613321954,-0.417447580209471,-0.141887349729986,0.810433395097201,-0.439338083769914,-0.568458510100331,0.13191681620149,1.18259613083111,0.116121789407795,0.0467656301214065,-0.529426878939754,-0.224188251133798,1.48977344590346
"202",75.9247030150223,76,2020,-1.43100717444353,1.08839471474805,-0.424377114565785,0.0600251422523422,0.363736695672399,-0.566328875541017,-0.450581979139524,-0.549700964582157,-0.846106396559407,-1.04338963440164,-0.571363722810607,0.377325289819247,-0.494539424507303,2.43744979608653,0.164586141946783
"205",73.7702989259262,74,2020,-1.99496520358543,1.16809048175267,-1.98724135400543,0.585245136960337,0.275252487726981,-1.38842433210916,-0.488061630371558,-0.613476619343948,-1.91304081048039,2.48915299303295,-0.70360157760461,-2.40673926298751,-3.89879983014913,1.56677674955407,-0.185797629811158
"207",69.9461071144477,70,2020,-1.39242544451685,0.933901358099616,-1.98724135400543,-0.533405241378769,0.0730028695660272,-1.07147186692626,2.88510698051151,-0.613476619343948,0.013368547988048,0.117994243111099,-0.70360157760461,-0.696327964263887,-1.03262786359585,0.997142166099756,-1.00446110685735
"210",76.9954744931026,77,2020,-0.780198903973141,-1.44096016177481,-0.964582249054631,0.59888721474496,1.58987500577318,0.0576712902878157,-0.443086048893117,-0.545949455478523,0.872843492535503,-0.446567364013151,-0.235588694264219,0.560778858053197,0.530861619753514,0.607250883692695,0.327118419748069
"212",73.9263591432326,74,2020,-1.35633347418847,-0.686092509699113,-0.561708557578166,-0.096858752270825,-0.773917406482968,-0.823852753502122,-0.394362502291473,-0.613476619343948,-0.638646927185884,-0.20461238953133,-0.571363722810607,1.12921242229015,-0.206852183341018,-0.787088947658043,-0.185797629811158
"214",84.3396632139687,84,2020,-0.759275417097341,-1.2644881587514,0.298588510527949,-0.41062654131716,-1.1404948393997,3.15786259035805,-0.41310232790749,-0.549700964582157,0.932117626642224,2.32784967671174,-0.235588694264219,0.209877196335698,-1.16176916419785,0.763355998124743,1.27121024023552
"216",66.9757603013239,67,2020,-1.91308504051242,-1.54927611552663,-1.98724135400543,-0.533405241378769,-1.96213391317857,0.107195112972644,-0.488061630371558,-0.613476619343948,5.49622595285975,-1.55956024662953,-0.70360157760461,-0.0172771918012465,-2.29263740931181,-0.224188251133798,-1.74446727225435
"218",78.8945069769012,79,2020,-0.437419232421223,-0.41096565597701,1.02446776457996,-0.342416152394043,-0.799198608753087,0.0972903484356781,-0.450581979139524,-0.500931346234906,-0.386731857232319,-0.253003384427694,-0.0489430111014471,0.100657738874373,-0.424124388388856,-0.938089950123625,0.629356557883113
"221",87.2542470662158,87,2020,-0.209025099426229,-0.231525915729632,0.482016733208628,-0.465194852455653,-0.811839209888147,1.48395738361086,2.51031046819117,2.38773066356383,0.68020255668866,1.53746342673779,0.398282721689202,0.785213071572793,-0.667058196488228,-1.58791743355503,1.59204296632118
"227",75.9339073315408,76,2020,-0.747553824933259,0.495394072006004,-0.711847130393068,0.298761503483249,0.869360741074783,-1.02194804424143,2.13551395587083,-0.474670782509463,1.67304430297624,0.279297559432313,-1.36632948207098,-1.35062704959776,-0.459442086913757,0.0285099185968591,0.164586141946783
"231",73.942711164179,74,2020,-0.334177502132013,0.193579745113995,-0.117259892067069,-0.28784784125555,-0.748636204212849,-0.358328820264739,-0.420598258153896,-0.553452473685792,-0.801650795979367,0.47286153901777,-0.338950442039972,-0.436850658842554,-0.667058196488228,0.712817894302602,-0.185797629811158
"238",82.1413312103976,82,2020,-0.283676987300804,-1.19646651478405,0.285159537448586,0.298761503483249,1.94381183755485,0.216147522879265,2.51031046819117,-0.538446437271253,0.0430056150414085,0.908380493085049,0.0359676164827333,0.918456964632154,1.22553867617669,-0.13502816927819,1.03210310608367
"240",89.3814297385315,89,2020,-0.210663713172521,-0.489034813621035,0.526577952812104,-0.260563685686304,-0.306215164485762,0.869861982318994,-0.41310232790749,1.63742884283688,-0.534917192499122,2.00524304406931,0.116121789407795,0.906242839741905,0.665494806777559,1.56677674955407,1.78378780513179
"241",72.9737183382241,73,2020,-0.826938315245771,0.849750754816172,-1.01862674617244,-0.253742646793992,-0.230371557675404,-0.28899546850598,-0.353134885936235,-0.575961528307601,0.235646550888252,-0.156221394634965,-0.571363722810607,0.514443313600502,0.894997171405729,-1.97748471470821,-0.374765822209965
"245",73.0014129175694,73,2020,-0.389315818826324,0.751682284175709,0.378235018804236,-0.0491114800246438,-0.432621175836358,-0.87337657618695,-0.443086048893117,-0.568458510100331,0.117098282674809,-0.76917399665558,-0.235588694264219,-0.13292179887171,-0.206852183341018,-0.224188251133798,-0.374765822209965
"247",72.9845909053405,73,2020,-0.483741012476003,0.65839238169225,-1.10086855459892,-0.390163424640225,-0.331496366755881,-0.576233640077982,0.636327906589465,1.63742884283688,-0.253365055492197,-0.0271787415779936,-0.571363722810607,-0.357427624446689,-0.352780716197227,0.494924341590943,-0.374765822209965
"252",86.0491621857392,86,2020,-0.505573527683794,-0.0192850109552014,-0.207126724684959,-0.390163424640225,1.13481336491104,1.18681444750189,-0.416850293030693,-0.557203982789427,0.339376285575014,-0.494958358909516,-0.70360157760461,-0.611294032983149,0.355490174262602,0.660818162494064,1.48977344590346
"254",69.0882623337697,69,2020,-2.15824126642008,-1.59434292101615,-1.98724135400543,6.28763365093285,4.86379069975363,-1.38842433210916,-0.488061630371558,-0.613476619343948,3.02153085390414,7.03790651329119,-0.70360157760461,-5.67536646131332,-6.80672491434057,0.104085115231631,-1.23774187683341
"256",73.0317063338498,73,2020,-0.534745468165468,1.91218035338206,-1.5244253320238,2.19501031554588,-0.622230192862252,-0.972424221556606,-0.443086048893117,-0.534694928167619,-0.609009860132523,-0.54334935380588,-0.338950442039972,0.254103716289219,-0.0166150413878237,1.87576953221543,-0.374765822209965
"259",72.9664786180367,73,2020,-0.586337717138311,-0.286788039801324,-0.237505397027458,-0.342416152394043,-0.483183580376597,-0.447471701097429,-0.431842153523507,0.511976111746467,-0.0459055861186731,0.747077176763835,-1.77864570364495,-1.70868620025453,-0.934553497011451,-0.532130609394434,-0.374765822209965
"263",81.0699947524416,81,2020,-0.523416136822486,-1.59434292101615,1.87297850802415,0.285119425698626,1.56459380350306,-0.744614637206397,-0.450581979139524,-0.343367963882248,1.16921416306911,-1.07565029766589,-0.0489430111014471,1.51567349733464,2.42134087786468,1.35761762099334,0.904078836866191
"266",74.972573669832,75,2020,-0.600936519048085,-1.1692352562825,1.18725600424619,0.0259199477907841,-0.546386586051895,-0.724805108132466,2.88510698051151,-0.575961528307601,0.472743087315136,-1.02725930276952,-0.235588694264219,0.122348231321255,-0.131964518343562,-0.532130609394434,-0.00620687947820712
"269",75.9351379649774,76,2020,-1.25387032236525,-1.59434292101615,1.10677841850451,0.421540203544858,1.99437424209509,-1.20023380590681,2.13551395587083,-0.482173800716733,2.50288218047033,-1.41438726194044,-0.848989912480604,-0.215600917634325,1.41863002702815,0.311168041544751,0.164586141946783
"271",70.9615571641517,71,2020,-1.29026907539031,-0.836913535048112,0.378235018804236,-0.424268619101783,-1.55763467685666,-0.180043058599358,-0.353134885936235,-0.564707000996696,-1.21656973472641,-0.849825654816187,-0.571363722810607,0.456967387514507,0.756570470766628,-0.787088947658043,-0.783391710583977
"275",75.9215041626671,76,2020,-1.10250779573184,-0.337406173149621,-0.117259892067069,-0.335595113501732,-0.723355001942729,0.800528630560235,-0.308159304457794,-0.613476619343948,0.769113757848742,-0.462697695645273,-0.70360157760461,-0.205331355626394,0.355490174262602,-0.653097285427108,0.164586141946783
"276",68.9801104930859,69,2020,-1.43906053816783,0.877791579369898,2.67319336341816,-0.533405241378769,-0.735995603077789,2.87062441878604,-0.450581979139524,-0.613476619343948,-0.386731857232319,-0.140091063002844,-0.571363722810607,0.133222182348957,-1.38381874879021,-1.32134190796824,-1.23774187683341
"279",75.9702265700111,76,2020,-0.83987729821407,-0.553258361532987,0.237804374259623,-0.444731735778718,-0.344136967890941,1.45424308999996,-0.43559011864671,-0.538446437271253,1.22848829717583,1.06968380940626,-0.571363722810607,0.0790436830017582,0.665494806777559,-0.421507004355692,0.164586141946783
"282",84.2421257672741,84,2020,-0.387362273745995,-0.0654780825491008,0.217339181326326,-0.315131996824797,-0.0154813383793903,1.52357644175872,-0.439338083769914,-0.575961528307601,-0.0310870525919929,1.10194447267051,0.0359676164827333,0.821310269136923,0.144241300831128,-0.653097285427108,1.27121024023552
"285",76.8634089587581,77,2020,-0.576735774051534,1.51113109466909,-0.7544471791294,-0.458373813563341,-1.29218205302041,-1.02194804424143,2.88510698051151,1.63742884283688,-0.520098658972442,0.101863911478977,-1.36632948207098,-1.44695235648503,-1.0650807138952,-0.224188251133798,0.327118419748069
"290",78.0267873023019,78,2020,-0.343468152323083,0.407049458229399,0.25139089569031,2.87711420477704,-0.559027187186954,0.72129051426451,-0.443086048893117,2.01257975320035,-0.134816787278755,0.698686181867471,0.192029048082811,0.725452737198859,-0.459442086913757,-0.224188251133798,0.481887855041913
"293",73.9975804574599,74,2020,-1.30932423530039,-1.35505665675925,1.48712524642096,-0.294668880147862,-0.230371557675404,0.79062386602327,-0.349386920813032,-0.560955491893062,1.15439562954243,0.00508192168624881,-0.571363722810607,0.479898738888379,0.144241300831128,-1.58791743355503,-0.185797629811158
"295",72.0046586218509,72,2020,-0.669795816263131,0.569866351438951,0.127454547666677,-0.444731735778718,-1.00144822691404,-0.219662116747221,-0.428094188400303,0.887127022109939,-0.164453854332115,0.843859166556563,-0.450410475139777,-0.544151567731266,-1.25751278058716,0.176150887934848,-0.573737938258313
"298",75.9483208258595,76,2020,-0.473012552361299,0.486089957608833,1.43314437511474,-0.240100569009369,0.856720139939724,-0.160233529525427,1.01112441890981,-0.560955491893062,-0.194090921385476,0.198645901271706,-0.450410475139777,-0.0490428487136453,0.0627651147812447,-0.421507004355692,0.164586141946783
"301",72.9803803083101,73,2020,-0.433317788333765,0.184312043882085,-0.65286724757895,-0.390163424640225,-0.900323417833564,0.473671400840371,-0.375622676675456,-0.51218587354581,0.650565489635299,-1.12404129256225,-0.70360157760461,-0.611294032983149,0.665494806777559,-0.13502816927819,-0.374765822209965
"304",79.0284148316657,79,2020,-0.147014991487264,0.546586266983131,0.475609445163436,2.19501031554588,-0.672792597402491,1.49386214814783,-0.401858432537879,0.887127022109939,0.013368547988048,0.311558222696556,0.116121789407795,0.572412159180192,0.269819868718176,0.660818162494064,0.629356557883113
"307",74.0679882602415,74,2020,-0.507785160885949,1.27133397960848,-0.619505264695714,4.92342587247053,-0.69807379967261,-0.87337657618695,0.636327906589465,-0.560955491893062,-0.727558128345965,-0.446567364013151,-0.338950442039972,-0.0066508048201358,-0.768478290843645,0.997142166099756,-0.185797629811158
"310",68.9238497265596,69,2020,-1.93817288307878,-1.54927611552663,-1.98724135400543,-0.533405241378769,-0.36941817016106,0.335004697322852,-0.488061630371558,-0.613476619343948,-1.91304081048039,-0.591740348702244,-0.70360157760461,0.0898411645844335,-1.47761016392687,-0.653097285427108,-1.23774187683341
"313",77.8630894896134,78,2020,-0.337883404206224,0.258485585287978,-0.780198436064503,-0.424268619101783,-0.685433198537551,-0.62575746276281,-0.409354362784286,-0.575961528307601,-0.549735726025802,-0.462697695645273,-0.70360157760461,-0.327341083196015,0.398852179386302,0.104085115231631,0.481887855041913
"314",70.9626655852155,71,2020,-1.30290481595713,1.5535139338969,-1.98724135400543,-0.212816413440123,-0.394699372431179,-0.754519401743363,2.13551395587083,-0.613476619343948,-0.683102527765924,-0.575610017070123,-0.70360157760461,-0.620813854757073,-0.934553497011451,-1.32134190796824,-0.783391710583977
"315",76.0038925597151,76,2020,-0.490237398037853,0.509352299386955,0.25139089569031,-0.192353296763188,-0.925604620103683,0.325099932785887,-0.431842153523507,0.511976111746467,-0.623828393659204,-0.76917399665558,0.192029048082811,1.38477058565974,-0.0555155885464638,-1.11244689159946,0.164586141946783
"318",71.9814639114052,72,2020,-1.20299199165701,1.56293498906558,0.620389398609467,-0.533405241378769,-0.521105383781775,-0.655471756373707,-0.488061630371558,-0.613476619343948,0.398650419681735,-0.833695323184066,-0.571363722810607,0.00399452690658267,-0.206852183341018,1.04061513758996,-0.573737938258313
"323",96.3546358541409,96,2020,-0.249077073047425,-0.557843364675385,2.04176041636502,-0.00136420777846236,2.07021784890545,1.95938608138521,-0.409354362784286,-0.467167764302194,0.546835754948538,2.71497763588265,0.634077328569836,2.64002653518409,2.6802509115851,1.1654819270481,2.34190185039225
"326",74.9413268044224,75,2020,-0.181550447833642,-0.14855068139967,-0.7544471791294,-0.0763956355938902,-0.584308389457073,-0.53661458193012,-0.43559011864671,0.887127022109939,-0.727558128345965,-0.704652670127094,0.0359676164827333,-0.266669820984968,-0.564114031299547,0.607250883692695,-0.00620687947820712
"329",75.9283114178706,76,2020,-1.02744759535117,-0.166998079475272,0.189891636851007,0.0600251422523422,1.46346899442259,0.216147522879265,-0.386866572045066,-0.362125509400422,-0.41636892428568,0.198645901271706,-0.450410475139777,0.737364714423007,2.16547005905916,-0.787088947658043,0.164586141946783
"330",71.9851199129875,72,2020,-1.19222009913129,0.90116610571209,0.783704849870039,-0.444731735778718,-0.495824181511656,-0.0909001777666681,-0.44683401401632,-0.613476619343948,0.280102151468293,0.730946845131714,-0.848989912480604,-1.47859029424365,-1.38381874879021,-1.11244689159946,-0.573737938258313
"331",71.9915374353237,72,2020,-0.633416033052626,-0.891667414723806,-0.0656995309893349,-0.096858752270825,-0.318855765620821,-0.78423369535426,-0.368126746429049,-0.564707000996696,0.0430056150414085,0.0857335798468561,-0.70360157760461,-0.215600917634325,0.665494806777559,-0.653097285427108,-0.573737938258313
"333",78.9294415652817,79,2020,-0.223865407874394,0.119470277518143,0.681691682979675,-0.260563685686304,-0.344136967890941,-0.427662172023498,-0.4243462232771,1.63742884283688,-0.683102527765924,-0.20461238953133,0.192029048082811,0.265208653154725,-0.316728010834958,1.39396250545696,0.629356557883113
"335",73.8127909286955,74,2020,-1.62225391819939,-1.59434292101615,-0.703374534955313,0.0259199477907841,-0.306215164485762,-0.754519401743363,-0.420598258153896,-0.354622491193152,-0.253365055492197,1.58585442163415,-0.70360157760461,-1.19363727217926,-0.0555155885464638,0.494924341590943,-0.185797629811158
"338",81.0786249727163,81,2020,-0.31041694019311,-1.59434292101615,0.906034157140314,0.394256047975612,1.75420282052896,-0.863471811649984,1.76071744355049,-0.418398145954942,0.294920684994973,0.263167227800192,0.264120969475628,1.05415404595207,0.530861619753514,0.551997441423238,0.904078836866191
"345",72.0222278182138,72,2020,-0.900901803462517,-0.686092509699113,0.520242941086273,-0.205995374547811,-0.129246748594927,-0.457376465634395,-0.409354362784286,1.63742884283688,0.309739218521653,-1.31760527214771,-0.571363722810607,-0.505387219576904,0.103258677118861,0.311168041544751,-0.573737938258313
"348",68.0002338796365,68,2020,-1.35633347418847,-1.59434292101615,-1.87833303658186,0.0736672200369655,0.717673527454068,-1.38842433210916,-0.488061630371558,-0.444658709680386,2.29542271109681,-1.43051759357256,-0.450410475139777,0.918456964632154,-0.768478290843645,1.87576953221543,-1.48409773657962
"353",77.987876101727,78,2020,-0.688576986526987,0.323446942453922,-1.03677992467425,2.87711420477704,-1.0772918337244,1.97919561045914,-0.450581979139524,2.38773066356383,0.176372416781531,0.730946845131714,-0.235588694264219,-0.276827935540498,-1.63229095472208,-0.938089950123625,0.481887855041913
"356",72.9695278310699,73,2020,-0.571972974419642,-0.383390187407308,-1.09166001676774,-0.321953035717109,-0.660151996267431,0.651957162505752,2.88510698051151,-0.553452473685792,-0.164453854332115,-0.753043665023459,-0.70360157760461,-0.942823038135962,-0.459442086913757,0.104085115231631,-0.374765822209965
"359",78.140238197358,78,2020,-0.691293984021435,-1.53574858918383,1.20313684461071,0.551139942498779,1.81740582620426,-0.457376465634395,1.76071744355049,-0.324610418364075,-0.105179720225394,0.182515569639584,0.192029048082811,2.55084221427084,1.81280512723186,1.39396250545696,0.481887855041913
"362",76.1172325475866,76,2020,-1.77420327909543,1.48288672842126,0.724028300593812,-0.0900377133785134,-1.96213391317857,1.48395738361086,-0.488061630371558,-0.613476619343948,1.42112923302267,0.747077176763835,-0.571363722810607,1.72950203697333,-2.29263740931181,-0.787088947658043,0.164586141946783
"365",77.9356598514458,78,2020,-0.371872418494825,-0.282184545555765,-0.102464327381606,-0.00818524667077399,0.262611886591922,-0.447471701097429,-0.405606397661083,-0.538446437271253,-0.283002122545557,1.00516248287778,-0.0489430111014471,0.122348231321255,-0.494539424507303,-0.787088947658043,0.481887855041913
"367",70.9942954362389,71,2020,-1.46397017757475,1.48288672842126,0.724028300593812,-0.362879269070978,-0.71071440080767,-0.724805108132466,-0.488061630371558,-0.613476619343948,-0.905380530666128,-0.720783001759216,-0.571363722810607,0.0253420903687,-1.66299605374071,-0.224188251133798,-0.783391710583977
"369",74.9558537598141,75,2020,-0.257618769105721,1.864910090726,-0.169452643447695,-0.362879269070978,0.452220903617816,-0.0809954132297025,-0.431842153523507,-0.568458510100331,0.383831886155054,-0.688522338494973,-0.450410475139777,-0.524805603936923,-0.0166150413878237,2.89514430919692,-0.00620687947820712
"371",76.9623727747824,77,2020,-0.876597122310835,-1.59434292101615,1.69940957343962,0.162340725637017,0.452220903617816,-0.348424055727774,-0.44683401401632,-0.410895127747673,0.813569358428782,0.311558222696556,-0.235588694264219,0.619143515926626,0.620343742786785,-0.421507004355692,0.327118419748069
"374",70.9877384550601,71,2020,-0.853031668246957,-0.484445033626438,-0.392672639348809,-0.226458491224746,-0.571667788322014,-1.0615671023893,-0.431842153523507,-0.493428328027637,-0.134816787278755,-0.946607644608916,-0.571363722810607,0.00399452690658267,0.98840839748408,0.104085115231631,-0.783391710583977
"377",73.9277093529418,74,2020,-0.356622284352299,0.277040330137136,-1.21277468714469,-0.308310957932485,-0.925604620103683,-0.952614692482675,-0.431842153523507,-0.534694928167619,-0.179272387858796,-0.31752471095618,-0.70360157760461,-0.611294032983149,-0.169588106570158,-0.224188251133798,-0.185797629811158
"378",75.9459575665999,76,2020,-0.623294392814087,-0.023905647921963,0.14837241343167,-0.274205763470927,-0.546386586051895,0.889671511392926,-0.41310232790749,-0.613476619343948,-0.208909454912156,0.0857335798468561,-0.338950442039972,-0.112064874568216,-0.529426878939754,0.0285099185968591,0.164586141946783
"383",84.2085626473983,84,2020,-0.306810660757952,-0.143938080109483,-0.0292516410981763,-0.335595113501732,-0.407339973566239,1.00852868583651,-0.4243462232771,-0.572210019203966,-0.179272387858796,1.15033546756687,-0.13921762998074,0.399982329536089,0.0227985276103175,0.860417941618622,1.27121024023552
"387",96.3641802700515,96,2020,-0.115049614184184,0.994729018595866,1.93307915802643,-0.356058230178667,-0.293574563350702,2.3357671337899,-0.416850293030693,-0.564707000996696,0.220828017361572,3.52149421748872,1.05567897376476,2.31692415081513,-0.352780716197227,0.0285099185968591,2.34190185039225
"390",74.9047445974938,75,2020,-1.35633347418847,0.565209790999668,0.0852983323318097,-0.246921607901681,-0.0660437429196288,-0.37813834933867,-0.394362502291473,-0.482173800716733,0.13191681620149,-0.398176369116787,-0.70360157760461,0.144115291825441,1.17772147290849,0.245075100299846,-0.00620687947820712
"392",77.9423410108162,78,2020,-0.473012552361299,1.51583933493302,-0.329941777150701,-0.0900377133785134,1.24857877512657,-1.17051951229592,-0.43559011864671,-0.568458510100331,-0.0162685190653126,-0.527219022173759,-0.450410475139777,0.144115291825441,-0.169588106570158,-0.938089950123625,0.481887855041913
"394",71.9528491810602,72,2020,-1.30290481595713,1.03218303023359,-1.98724135400543,-0.533405241378769,-0.495824181511656,-0.457376465634395,2.13551395587083,-0.560955491893062,-0.0607241196453534,-2.18864318028227,-0.571363722810607,0.630875975194523,0.185680533534992,-0.224188251133798,-0.573737938258313
"399",69.9487972391039,70,2020,-1.91308504051242,-1.59434292101615,-1.98724135400543,-0.533405241378769,1.0210479546955,-0.0413763550818401,-0.488061630371558,-0.613476619343948,12.9054927161999,-2.25316450681075,-0.70360157760461,-1.36683022401233,1.08266408375073,-0.421507004355692,-1.00446110685735
"405",76.9838786969096,77,2020,-0.65662733127278,-1.59434292101615,-0.109855673542725,0.442003320221793,1.18537576945127,-0.645566991836741,-0.416850293030693,-0.335864945674979,0.191190950308211,-0.31752471095618,-0.13921762998074,1.59522429290765,2.42134087786468,-0.532130609394434,0.327118419748069
"410",74.919783721277,75,2020,-0.618276902590894,1.11182705883603,0.520242941086273,-0.41062654131716,-0.533745984916835,-0.96251945701964,-0.43559011864671,-0.534694928167619,0.428287486735095,0.0212122533183698,-1.18037742793572,-0.75221513476878,0.620343742786785,0.607250883692695,-0.00620687947820712
"413",78.9670731095393,79,2020,-0.546216443855557,-0.378793184247337,1.39334659784868,-0.458373813563341,-1.06465123258934,2.67252912804673,-0.428094188400303,2.7628815739273,0.70983962374202,0.408340212489285,0.0359676164827333,0.50290876046174,-1.12964834864247,-1.97748471470821,0.629356557883113
"417",75.9176068570774,76,2020,-0.579126655445488,0.355948282987165,0.0782304040982101,-0.376521346855602,-0.432621175836358,-0.477185994708326,2.13551395587083,-0.508434364442176,-0.371913323705639,0.00508192168624881,-0.571363722810607,-0.225851863916977,0.0227985276103175,-0.319326317381433,0.164586141946783
"420",78.9494055487909,79,2020,-0.856354942491167,-0.185440656162026,0.482016733208628,-0.315131996824797,0.249971285456862,-0.417757407486533,-0.409354362784286,-0.530943419063984,-0.846106396559407,0.424470544121406,-0.338950442039972,0.773220882257688,0.710906586990805,0.812527485456678,0.629356557883113
"423",70.9747892619286,71,2020,-1.10718782883847,0.425640040403878,-1.98724135400543,-0.533405241378769,-0.824479811023206,-0.556424111004051,-0.43559011864671,-0.478422291613098,1.18403269659579,-0.20461238953133,-0.848989912480604,-0.951707445174648,0.355490174262602,-1.58791743355503,-0.783391710583977
"426",71.9969985030908,72,2020,-0.807915604384401,1.36999676498943,-1.03677992467425,-0.451552774671029,-0.546386586051895,0.136909406583541,-0.383118606921862,-0.523440400856715,1.67304430297624,-0.833695323184066,-0.848989912480604,-0.426986839601,1.13009505601179,-0.938089950123625,-0.573737938258313
"429",88.527928973198,88,2020,-0.475148486411631,-0.608257203482107,2.01286727529945,-0.0832166744862018,-0.432621175836358,1.7612907906459,-0.345638955689828,-0.542197946374888,0.117098282674809,0.698686181867471,0.264120969475628,1.93491848882877,1.51621497526957,0.607250883692695,1.68997108090088
"437",77.85670616826,78,2020,-0.369953226957057,1.48288672842126,-0.337734168324498,5.60552976170169,-0.116606147459867,0.463766636303405,-0.44683401401632,1.26227793247341,0.398650419681735,-0.785304328287701,-0.70360157760461,-0.225851863916977,0.941594359750981,-1.32134190796824,0.481887855041913
"441",92.4574583738904,92,2020,-0.586337717138311,-0.479854937051167,1.39834645793554,0.17598280342164,2.2092644613911,0.255766581027128,-0.428094188400303,-0.452161727887655,-0.0162685190653126,2.19880702365476,0.0359676164827333,1.44996001804383,0.84862300798467,0.551997441423238,2.04265776727145
"444",84.1056802427565,84,2020,-0.869791096838479,-0.176219971332111,0.384801340133928,-0.0627535578092669,0.957844949020201,-0.586138404614948,-0.431842153523507,-0.403392109540404,-0.534917192499122,0.117994243111099,-0.235588694264219,0.689836812141321,0.398852179386302,0.494924341590943,1.27121024023552
"446",74.6246212669806,75,2020,-1.93817288307878,0.700359636461365,-1.6671784551899,1.24006487062225,-0.255652759945523,-1.38842433210916,-0.0383058155871488,0.163085765108439,0.70983962374202,1.82780939611597,-0.70360157760461,-1.14288149936597,6.43013949805549,1.04061513758996,-0.00620687947820712
"451",69.9898067214031,70,2020,-2.06471370249343,-0.0747131418264124,-1.98724135400543,1.27417006508381,1.23593817399151,6.91176834986801,-0.488061630371558,-0.613476619343948,4.01437260019172,5.24743970212571,-0.70360157760461,-1.99701344465894,2.36991669379737,0.176150887934848,-1.00446110685735
"456",72.7764236060125,73,2020,-2.0277779750794,-1.59434292101615,-1.77166791114534,-0.533405241378769,-1.96213391317857,-1.38842433210916,-0.135752908790437,-0.613476619343948,3.22899032327767,0.859989498188685,-0.70360157760461,-2.4004596227563,1.71332657326742,1.49933940198473,-0.374765822209965
"460",77.9036003194076,78,2020,-0.419098999667742,0.207483440375209,0.0640583686533179,-0.267384724578616,0.401658499077577,-0.556424111004051,-0.41310232790749,-0.309604381949536,0.191190950308211,-0.382046037484666,-0.235588694264219,0.761248770557234,2.6802509115851,-1.58791743355503,0.481887855041913
"463",73.9558203185022,74,2020,-1.40753631604219,-0.795816383585667,1.17130423375972,0.169161764529328,2.49999828749748,0.0873855838987125,-0.488061630371558,-0.553452473685792,3.62909072849803,1.13420513593475,-0.848989912480604,-1.44695235648503,-0.0555155885464638,-0.532130609394434,-0.185797629811158
"465",78.9749078498895,79,2020,-0.490237398037853,0.369881623975637,0.76590017064005,-0.36970030796329,-1.0140888280491,0.364718990933749,-0.428094188400303,-0.560955491893062,-0.638646927185884,1.16646579919899,0.0359676164827333,0.445531172122433,-0.801975395808807,-0.421507004355692,0.629356557883113
"469",66.982780461559,67,2020,-1.67159821890577,-1.59434292101615,-1.98724135400543,-0.233279530117057,-1.36802565983077,-0.358328820264739,-0.488061630371558,-0.613476619343948,8.66739212756932,-1.04338963440164,-0.848989912480604,-2.65568155494083,-0.667058196488228,-0.787088947658043,-1.74446727225435
"471",76.9327248637112,77,2020,-0.548528016074692,1.22908338692032,0.0993981610176247,-0.212816413440123,0.65447052177877,-0.695090814521569,-0.401858432537879,-0.568458510100331,-0.134816787278755,-0.285264047691937,-0.13921762998074,0.243018118601153,-0.0555155885464638,-1.11244689159946,0.327118419748069
"475",67.896948400334,68,2020,-1.99496520358543,-1.59434292101615,-1.98724135400543,0.605708253637272,-1.96213391317857,2.30605284017901,-0.180728490268878,-0.613476619343948,-1.91304081048039,1.63424541653051,-0.70360157760461,2.46245896699976,1.91286986449891,-0.938089950123625,-1.48409773657962
"476",75.936792029636,76,2020,-0.441538309195962,-0.000799517334164435,1.97112477191666,-0.0559325189169553,0.136205875241325,-0.358328820264739,-0.398110467414676,-0.568458510100331,0.398650419681735,-0.478828027277394,-0.338950442039972,-0.0278846504806508,0.575462672330941,0.494924341590943,0.164586141946783
"479",79.9153561561608,80,2020,-0.242294042283587,0.188945751478572,0.14837241343167,-0.36970030796329,-0.723355001942729,0.235957051953196,-0.416850293030693,-0.553452473685792,0.487561620841816,0.343818885960799,-0.571363722810607,-0.266669820984968,0.0227985276103175,-1.97748471470821,0.769953824714859
"482",84.0709817959436,84,2020,-0.255904778567167,-0.143938080109483,-0.268099286197,-0.308310957932485,-0.445261776971418,1.59290979351748,-0.390614537168269,-0.553452473685792,0.606109889055259,0.940641156349292,-0.571363722810607,-0.534487630163483,0.0627651147812447,-0.13502816927819,1.27121024023552
"486",80.9450306218609,81,2020,-0.191166251606731,-0.452307722398828,0.718008843001675,0.0122778700061609,0.831438937669605,0.63214763343182,-0.443086048893117,1.63742884283688,0.798750824902102,1.05355347777414,-0.848989912480604,-0.761467584259918,-0.0939518433829008,0.997142166099756,0.904078836866191
"491",71.9826898342692,72,2020,-0.366126008541393,1.39820607262012,-0.440315166576753,-0.396984463532536,-0.141887349729986,-0.645566991836741,-0.439338083769914,-0.530943419063984,-0.727558128345965,-0.88208631808043,-0.450410475139777,-0.0172771918012465,0.894997171405729,-0.421507004355692,-0.573737938258313
"492",73.9434796566445,74,2020,-0.929659363971852,0.65839238169225,-0.252775299134228,-0.240100569009369,-0.179809153135166,-0.972424221556606,0.636327906589465,-0.613476619343948,-0.949836131246169,-0.123960731370723,-0.338950442039972,0.155027576184252,-1.38381874879021,1.53332504569848,-0.185797629811158
"494",70.9751393087647,71,2020,-1.99496520358543,0.700359636461365,-1.98724135400543,-0.533405241378769,2.44943588295724,-1.38842433210916,-0.488061630371558,-0.613476619343948,3.02153085390414,0.521252533914135,-0.848989912480604,-4.043191440137,-1.75467545492487,0.0285099185968591,-0.783391710583977
"497",77.898468949008,78,2020,-0.804788593919347,-0.836913535048112,0.0923542412586468,-0.124142907840072,0.351096094537339,0.562814281673061,-0.439338083769914,-0.549700964582157,0.576472822001898,0.601904192074742,-1.18037742793572,-0.789118841741933,0.756570470766628,0.494924341590943,0.481887855041913
"502",90.7255582015444,90,2020,-0.31041694019311,0.709688632068924,0.819064572908599,0.0395620255754074,1.8047652250692,0.642052397968786,-0.41310232790749,-0.470919273405828,-0.0310870525919929,1.65037574816263,0.634077328569836,2.10274015157941,1.08266408375073,1.08313062163758,1.87370859847316
"505",96.6277405916405,97,2020,-0.514451857068787,-0.438529859983712,0.807314782876509,-0.233279530117057,1.0210479546955,1.90986225870038,-0.375622676675456,-0.508434364442176,0.206009483834892,2.86015062057174,-0.13921762998074,0.967516370941353,1.86276549141952,-1.32134190796824,2.40956476517799
"506",70.0081543276017,70,2020,-1.54673960304561,1.16809048175267,2.04996680264268,-0.32877407460942,-0.0281219395144499,-1.38842433210916,-0.439338083769914,-0.437155691473116,0.117098282674809,-1.62408157315802,-0.70360157760461,0.00399452690658267,-0.0939518433829008,1.04061513758996,-1.00446110685735
"509",76.9383369858521,77,2020,-0.574351227180869,1.32300090611082,-0.345540476214271,-0.253742646793992,0.477502105887935,-0.338519291190808,-0.390614537168269,-0.527191909960349,0.428287486735095,-0.414306700748908,-0.571363722810607,0.209877196335698,1.27354224177781,-0.319326317381433,0.327118419748069
"511",79.9357190442811,80,2020,-0.30321717931109,-0.102411180308197,0.940261751420084,-0.212816413440123,0.0603622684309676,-0.586138404614948,-0.41310232790749,-0.538446437271253,-0.386731857232319,0.650295186971106,-0.13921762998074,0.388644041559875,0.355490174262602,-1.11244689159946,0.769953824714859
"514",76.0269301727454,76,2020,-0.356622284352299,0.263123847091576,-0.937791059176448,1.51290642631472,-0.900323417833564,0.315195168248921,-0.398110467414676,2.38773066356383,-0.0607241196453534,0.989032151245656,-0.450410475139777,0.165959051858192,-0.206852183341018,0.763355998124743,0.164586141946783
"518",72.987638966728,73,2020,-0.403101166197872,1.35589542344788,-0.0730270080790384,-0.0150062855630856,0.376377296807458,-0.368233584801705,-0.409354362784286,-0.530943419063984,-0.297820656072238,-1.28534460888347,-0.13921762998074,0.0898411645844335,0.756570470766628,1.1654819270481,-0.374765822209965
"521",74.9296445060288,75,2020,-0.37572205413134,0.663054339096992,-0.0730270080790384,-0.437910696886406,0.199408880916624,-0.348424055727774,-0.4243462232771,-0.500931346234906,0.339376285575014,-0.107830399738601,-1.18037742793572,-0.862080432615404,0.530861619753514,0.712817894302602,-0.00620687947820712
"524",73.9485567208842,74,2020,-0.512224294877822,0.00844499413267256,-1.02769463168549,-0.349237191286355,-0.900323417833564,-0.566328875541017,-0.431842153523507,0.511976111746467,-0.41636892428568,-0.462697695645273,-0.571363722810607,-0.184736318602758,-0.131964518343562,-1.58791743355503,-0.185797629811158
"527",75.9401316953939,76,2020,-0.677794572361194,1.10714008293155,-0.169452643447695,-0.32877407460942,-0.179809153135166,0.45386187176644,-0.439338083769914,-0.568458510100331,0.635746956108619,-0.0917000681064799,-0.450410475139777,-0.446696224632069,-0.667058196488228,-1.11244689159946,0.164586141946783
"530",84.0857726446445,84,2020,-0.314036128343624,0.700359636461365,1.67647710673748,-0.301489919040174,2.62640429884807,0.0279569966769192,-0.43559011864671,-0.564707000996696,0.532017221421857,0.682555850235349,0.0359676164827333,0.689836812141321,0.530861619753514,-1.97748471470821,1.27121024023552
"533",77.0484279280412,77,2020,-1.88971032839263,-0.456899713588713,-1.98724135400543,3.06810329376177,3.42276217035683,-0.00175729693397765,-0.488061630371558,-0.613476619343948,1.05066589485567,0.327688554328678,-0.70360157760461,0.198868791087849,-1.03262786359585,-0.787088947658043,0.327118419748069
"536",72.811146311734,73,2020,-1.44723574492566,-0.686092509699113,-1.81406916078575,-0.0763956355938902,-0.154527950865046,-1.10118616053716,-0.44683401401632,-0.613476619343948,-1.91304081048039,-1.70473323131862,-0.848989912480604,-1.02216496888337,0.103258677118861,0.712817894302602,-0.374765822209965
"539",86.2627395739823,86,2020,-0.479434937662841,0.416344195073629,0.203638449637633,-0.376521346855602,-0.0786843440546885,-0.00175729693397765,-0.443086048893117,0.511976111746467,0.013368547988048,0.779337840028078,-0.13921762998074,0.60743092109487,-0.280401067491587,0.607250883692695,1.48977344590346
"540",68.9128068903042,69,2020,-1.99496520358543,-1.59434292101615,-1.98724135400543,-0.533405241378769,-1.96213391317857,-1.38842433210916,-0.488061630371558,-0.613476619343948,-1.91304081048039,-2.01120953232893,-0.70360157760461,-0.761467584259918,-1.25751278058716,0.0285099185968591,-1.23774187683341
"545",68.9240915828067,69,2020,-2.10730353630424,-1.59434292101615,-1.98724135400543,-0.533405241378769,2.56320129317277,-1.38842433210916,-0.488061630371558,-0.613476619343948,-1.91304081048039,-3.02742042515258,-0.70360157760461,-0.0806385949406268,-0.169588106570158,1.2829389893363,-1.23774187683341
"548",73.9424084068557,74,2020,-0.525670873795321,-0.378793184247337,-0.611203077088069,-0.342416152394043,-0.268293361080583,0.859957217782029,-0.300663374211387,-0.553452473685792,-0.386731857232319,-0.575610017070123,-0.450410475139777,0.388644041559875,1.66381370584109,1.08313062163758,-0.185797629811158
"551",73.9781679194676,74,2020,-0.510002073097347,-0.699818371340421,0.777779252417365,-0.212816413440123,0.401658499077577,0.335004697322852,-0.428094188400303,-0.493428328027637,-0.119998253752075,-0.76917399665558,-0.235588694264219,0.0575059322085759,0.575462672330941,-1.58791743355503,-0.185797629811158
"554",75.0143763456396,75,2020,-0.833381416277465,2.01625599353906,-0.678050800538437,-0.335595113501732,-1.0772918337244,6.53538729746331,1.38592093123015,-0.538446437271253,-0.238546521965517,-0.31752471095618,-0.571363722810607,-0.174410810672971,-0.768478290843645,0.812527485456678,-0.00620687947820712
"556",83.9828941114515,84,2020,-0.685868612070215,0.873117455785682,-0.504646630090317,-0.32877407460942,0.0477216672959079,-0.982328986093572,0.261531394269124,2.38773066356383,-0.0162685190653126,1.08581414103839,-0.70360157760461,-0.246297975142965,-1.16176916419785,-1.97748471470821,1.27121024023552
"559",86.1382471138403,86,2020,-0.521166898817771,1.17747124683874,0.951601040883883,4.24132198323937,-0.647511395132371,1.36510020916727,-0.431842153523507,2.7628815739273,0.606109889055259,0.747077176763835,0.116121789407795,1.21771592607668,-0.131964518343562,-0.532130609394434,1.48977344590346
"563",86.1004386915251,86,2020,-0.207389030727161,-1.09655607688023,0.155321492951353,-0.0763956355938902,-0.0660437429196288,-0.308804997579911,2.51031046819117,-0.437155691473116,-0.41636892428568,0.618034523706863,0.192029048082811,0.343486087831904,0.0227985276103175,-0.0510158439768526,1.48977344590346
"568",74.9445215002053,75,2020,-0.510002073097347,1.88854232994564,-0.728839605419411,-0.533405241378769,-1.30482265415547,-0.615852698225845,1.76071744355049,0.511976111746467,-0.0162685190653126,-0.930477312976794,-0.571363722810607,-0.377393365013152,-0.494539424507303,0.494924341590943,-0.00620687947820712
"571",72.0160436994021,72,2020,-0.429233795591104,1.0275003820678,0.830777803829203,-0.41062654131716,-0.950885822373803,-0.338519291190808,-0.450581979139524,-0.557203982789427,-0.964654664772849,-0.0755697364743584,0.264120969475628,0.689836812141321,-1.03262786359585,-0.319326317381433,-0.573737938258313
"573",76.9639297188365,77,2020,-0.571972974419642,0.175045487559207,0.391356878986694,-0.00136420777846236,0.945204347885142,-0.695090814521569,-0.401858432537879,-0.568458510100331,-0.208909454912156,-0.575610017070123,-0.13921762998074,0.689836812141321,0.486551453223157,0.607250883692695,0.327118419748069
"575",81.9733125859139,82,2020,-0.252485297019498,0.714353529667482,1.2294485490654,-0.315131996824797,0.99576675242538,-0.546519346467085,-0.431842153523507,-0.557203982789427,0.13191681620149,0.440600875753528,-0.848989912480604,-0.446696224632069,0.103258677118861,0.712817894302602,1.03210310608367
"578",97.1494786546071,97,2020,-0.151659475299106,-0.277580744631134,0.564374108129269,-0.315131996824797,0.705032926319009,3.73233893350205,-0.420598258153896,-0.557203982789427,0.013368547988048,1.9245913859087,0.738942862081814,2.2163592186951,1.27354224177781,0.660818162494064,2.40956476517799
"581",78.9589906000362,79,2020,-0.659245030099855,1.15871072272451,-0.797446353266757,-0.356058230178667,-0.192449754270225,1.4740526190739,-0.390614537168269,0.887127022109939,0.754295224322061,-0.059439404842237,-0.450410475139777,-0.174410810672971,-0.243782370750357,-1.32134190796824,0.629356557883113
"585",84.2166031496268,84,2020,-0.210663713172521,-0.42934304663126,1.36823856457743,-0.376521346855602,-0.748636204212849,1.54338597083266,2.13551395587083,1.63742884283688,-0.164453854332115,1.698766743059,0.332766324965261,0.678004784668305,-0.632921903574403,0.660818162494064,1.27121024023552
"590",76.9756424162087,77,2020,-0.228859222044272,0.896490679836227,0.469191732682834,-0.458373813563341,-0.432621175836358,0.54300475259913,1.38592093123015,0.136825201382996,-0.564554259552482,0.263167227800192,0.398282721689202,0.41134017016471,-1.19378508697918,-0.787088947658043,0.327118419748069
"593",70.9730828269219,71,2020,-1.0401220032251,0.863769991541108,-0.849580019761918,-0.240100569009369,-0.331496366755881,-0.62575746276281,1.01112441890981,-0.403392109540404,-0.99429173182621,-0.285264047691937,-0.70360157760461,-0.67755661676753,0.269819868718176,-1.32134190796824,-0.783391710583977
"598",86.3835811023119,86,2020,-0.350963479812413,-0.268372223614388,0.351861383596657,-0.396984463532536,-0.103965546324808,2.6527195989728,-0.428094188400303,2.01257975320035,0.294920684994973,1.32776911552021,0.264120969475628,1.2050106973242,0.269819868718176,-0.532130609394434,1.48977344590346
"602",68.9817201505428,69,2020,-1.67159821890577,1.87436229134177,-1.98724135400543,-0.533405241378769,0.629189319508651,-0.813947988965156,-0.488061630371558,-0.613476619343948,1.05066589485567,-1.52729958336529,-0.70360157760461,-0.327341083196015,-0.0555155885464638,0.0285099185968591,-1.23774187683341
"605",76.837562723559,77,2020,-0.897382301551491,0.663054339096992,-1.47441220289804,-0.396984463532536,-1.08993243485946,-0.62575746276281,-0.416850293030693,-0.568458510100331,0.309739218521653,0.295427891064435,-1.00792338559291,-1.06565081189989,-0.352780716197227,0.763355998124743,0.327118419748069
"607",74.9561674334152,75,2020,-0.510002073097347,0.458184208113381,-0.448305779594732,-0.437910696886406,-0.103965546324808,0.54300475259913,1.38592093123015,-0.568458510100331,0.561654288475217,0.47286153901777,-0.571363722810607,-0.733657091278441,-0.868537159895393,-1.58791743355503,-0.00620687947820712
"609",78.9391559042322,79,2020,-0.362313560654347,0.532621482340104,-0.329941777150701,-0.308310957932485,0.616548718373591,0.00814746760298767,1.38592093123015,-0.523440400856715,0.976573227222265,-0.914346981344673,-0.848989912480604,-0.367419679110481,1.37009183082181,1.12473778903553,0.629356557883113
"612",73.9090923773999,74,2020,-0.64623479277555,0.565209790999668,-0.569919919641603,-0.533405241378769,-0.69807379967261,-0.269185939432049,1.76071744355049,-0.613476619343948,-1.00911026535289,-0.236873052795572,-1.56575869989171,-1.72358943755144,-1.28922951305469,0.374694090411953,-0.185797629811158
"619",74.9387692899178,75,2020,-0.488066929412593,0.0824432284235067,0.298588510527949,-0.281026802363239,0.932563746750081,-0.645566991836741,-0.4243462232771,1.26227793247341,0.354194819101694,-0.753043665023459,-0.848989912480604,-0.705686917268906,0.269819868718176,0.104085115231631,-0.00620687947820712
"621",74.9847620016109,75,2020,-0.483741012476003,-0.447715416248097,0.203638449637633,-0.376521346855602,-0.988807625778982,0.751004807875408,-0.386866572045066,1.63742884283688,0.250465084414932,0.263167227800192,-0.338950442039972,0.165959051858192,0.0227985276103175,0.494924341590943,-0.00620687947820712
"623",72.9977390465634,73,2020,-0.427198287610432,0.448884494134378,-0.0583847299407907,-0.390163424640225,0.0982840718361465,-0.28899546850598,-0.43559011864671,0.136825201382996,0.828387891955462,0.376079549225042,-0.70360157760461,-0.825740255556676,-0.768478290843645,-0.787088947658043,-0.374765822209965
"624",69.0092718396808,69,2020,-0.635964792453041,0.490741877640312,-1.07329616136844,-0.267384724578616,-0.596948990592133,-0.0512811196188057,-0.450581979139524,-0.560955491893062,0.561654288475217,-0.365915705852544,-1.00792338559291,-1.18521806368235,-0.598609674229275,0.660818162494064,-1.23774187683341
"626",73.9876012826845,74,2020,-0.683168794798857,-0.946372504944904,0.945935742375611,0.0804882589292771,0.818798336534545,0.166623700194437,-0.4243462232771,-0.440907200576751,1.34703656538927,0.117994243111099,-0.450410475139777,-0.236084210933294,0.710906586990805,1.08313062163758,-0.185797629811158
"631",75.9136669283897,76,2020,-0.581523912189768,1.36999676498943,0.141411582294798,-0.342416152394043,-0.331496366755881,-0.883281340723916,-0.428094188400303,-0.564707000996696,-0.683102527765924,-0.817564991551945,-0.13921762998074,0.100657738874373,-0.459442086913757,-1.32134190796824,0.164586141946783
"634",77.997821023649,78,2020,-0.747553824933259,-1.43192402145694,1.65338489460118,0.210087997883198,1.32442238193693,0.622242868894855,-0.41310232790749,-0.444658709680386,0.783932291375422,-0.172351726267087,-0.338950442039972,1.00452443650341,2.31861570549007,0.712817894302602,0.481887855041913
"636",72.1191889204708,72,2020,-1.01089161343721,1.62419520320894,-1.07329616136844,5.60552976170169,-0.900323417833564,-0.912995634334812,-0.431842153523507,-0.613476619343948,-0.371913323705639,-0.88208631808043,-0.338950442039972,0.701688802455306,-0.243782370750357,0.551997441423238,-0.573737938258313
"638",72.0015911883979,72,2020,-0.88691963796858,0.961970245810486,0.378235018804236,-0.396984463532536,-0.483183580376597,0.473671400840371,-0.431842153523507,1.26227793247341,1.48040336712939,-0.720783001759216,-1.00792338559291,-1.21042795156635,-0.206852183341018,0.374694090411953,-0.573737938258313
"641",72.9784709867128,73,2020,-0.464516811053959,-0.424749169119134,-0.392672639348809,-0.260563685686304,-0.69807379967261,-0.655471756373707,-0.405606397661083,-0.485925309820367,0.68020255668866,-1.10791096093013,-0.571363722810607,-0.0490428487136453,1.51621497526957,-0.421507004355692,-0.374765822209965
"643",72.9834780083283,73,2020,-0.425167075791455,1.38880198993439,-0.353360737529983,-0.151427063409318,0.161487077511445,-0.774328930817294,1.01112441890981,-0.51218587354581,-0.594191326605843,-0.978868307873159,-0.0489430111014471,0.231951843664303,-0.0166150413878237,1.46479886425325,-0.374765822209965
"644",69.87177854514,70,2020,-1.99496520358543,-0.686092509699113,-1.98724135400543,0.605708253637272,-1.96213391317857,-1.38842433210916,-0.488061630371558,-0.613476619343948,-1.91304081048039,2.79562929404326,-0.848989912480604,-3.48136353843117,-3.45973463042639,1.20540484736787,-1.00446110685735
"647",77.9257663261288,78,2020,-0.633416033052626,0.0593107556157603,-0.806094569159027,-0.396984463532536,0.603908117238532,-0.665376520910673,-0.450581979139524,-0.504682855338541,0.354194819101694,-0.978868307873159,-0.235588694264219,0.725452737198859,0.894997171405729,-1.97748471470821,0.481887855041913
"650",71.9969117894503,72,2020,-0.911558669130153,0.0593107556157603,1.24514250224235,-0.0286483633477088,-0.141887349729986,-0.13051923591453,-0.390614537168269,-0.482173800716733,-0.0607241196453534,-0.0271787415779936,-0.848989912480604,-0.367419679110481,1.27354224177781,-0.532130609394434,-0.573737938258313
"653",75.7815583309419,76,2020,-1.74223948769257,-0.226918755620446,-0.169452643447695,-0.137784985624695,2.14606145571581,-0.586138404614948,-0.488061630371558,-0.613476619343948,-0.668283994239244,1.52133309510566,-0.848989912480604,-2.27268030232726,-1.75467545492487,0.104085115231631,0.164586141946783
"654",74.9236457090775,75,2020,-0.605856413221628,0.0315614069531023,0.657287729618792,-0.267384724578616,0.224690083186743,-0.744614637206397,-0.356882851059439,-0.560955491893062,-0.697921061292605,-1.04338963440164,-0.338950442039972,0.434114575042858,1.46733890372544,0.763355998124743,-0.00620687947820712
"657",83.0040104226329,83,2020,-0.301425203641729,0.39310943446045,0.576891914388126,-0.376521346855602,-0.938245221238743,0.770814336949338,-0.443086048893117,0.887127022109939,0.14673534972817,1.03742314614202,-1.00792338559291,-0.515105472568749,-0.0166150413878237,-0.224188251133798,1.15437269572658
"659",71.9618141929322,72,2020,-1.00275465719904,2.2484559071324,-0.594644381299137,-0.28784784125555,0.262611886591922,0.107195112972644,1.01112441890981,-0.538446437271253,-0.386731857232319,-0.269133716059815,-0.848989912480604,-0.907111774448829,-0.131964518343562,1.12473778903553,-0.573737938258313
"661",74.9405083566734,75,2020,-0.654017514928341,0.873117455785682,-1.22221874689607,-0.205995374547811,0.338455493402279,-0.922900398871778,1.76071744355049,-0.613476619343948,-0.727558128345965,-0.865955986448309,-0.338950442039972,0.176909735279336,-0.667058196488228,-1.58791743355503,-0.00620687947820712
"662",75.9202202781032,76,2020,-0.237235665238275,0.346660785847548,-0.771598645580592,-0.240100569009369,-0.167168552000106,-0.298900233042946,1.01112441890981,-0.530943419063984,0.457924553788456,-0.172351726267087,-0.70360157760461,-0.816611309318117,-0.316728010834958,-1.97748471470821,0.164586141946783
"665",80.149521569991,80,2020,-0.780198903973141,-1.59434292101615,1.208414776209,0.667097603668077,0.717673527454068,-0.903090869797847,-0.431842153523507,-0.234574199876841,-0.46082452486572,-0.107830399738601,0.192029048082811,2.55084221427084,1.56525490676898,0.660818162494064,0.769953824714859
"667",76.948430102239,77,2020,-0.702249549972552,-0.900788330442718,-0.537164279586344,-0.437910696886406,-0.900323417833564,1.75138602610893,-0.44683401401632,2.38773066356383,-0.846106396559407,0.101863911478977,-0.338950442039972,0.133222182348957,-0.701025478392448,-0.13502816927819,0.327118419748069
"670",85.2042859459802,85,2020,-0.264503329768774,-1.47257482664797,1.06859862074744,0.141877608960082,-0.0154813383793903,0.107195112972644,-0.439338083769914,-0.478422291613098,-0.208909454912156,0.795468171660199,0.460945663575923,1.4761824096348,0.941594359750981,-0.787088947658043,1.38291678196058
"671",74.0109906846505,74,2020,-0.730276255152624,-0.130098475324108,0.583135754245387,-0.0218273244553972,1.21065697172139,-0.813947988965156,-0.428094188400303,-0.444658709680386,1.16921416306911,0.795468171660199,-0.13921762998074,0.514443313600502,-0.131964518343562,0.551997441423238,-0.185797629811158
"675",82.0515301264845,82,2020,-0.780198903973141,0.23529852865048,-0.408496373357784,-0.0763956355938902,0.32581489226722,-1.01204327970447,2.51031046819117,-0.399640600436769,-0.0607241196453534,-0.123960731370723,-0.450410475139777,0.525997583520437,1.03543346826036,1.12473778903553,1.03210310608367
"677",65.9765421850265,66,2020,-1.46397017757475,1.5817799786027,-1.98724135400543,-0.533405241378769,-0.0786843440546885,0.820338159634166,-0.44683401401632,-0.534694928167619,-0.268183589018877,-0.140091063002844,-0.70360157760461,-0.485896282797893,0.103258677118861,0.176150887934848,-2.01987166048159
"680",78.0242576945819,78,2020,-0.431273621762599,0.770353027164558,-1.57494448204948,-0.0286483633477088,0.603908117238532,-0.0215668260079089,-0.420598258153896,-0.560955491893062,-0.0607241196453534,-0.511088690541637,0.192029048082811,0.86972194694997,0.185680533534992,2.67640212349374,0.481887855041913
"683",77.9862190054375,78,2020,-0.598486738180271,-1.59434292101615,1.22420176487341,-0.0286483633477088,0.578626914968412,0.117099877509609,-0.375622676675456,-0.350870982089518,0.932117626642224,-0.43043703238103,-0.0489430111014471,1.50248877958604,3.15333074045644,-0.319326317381433,0.481887855041913
"688",76.9329929953903,77,2020,-1.30290481595713,-1.54927611552663,-1.98724135400543,-0.199174335655499,1.6783592137186,1.19671921203886,2.13551395587083,-0.51218587354581,4.44411007246545,-1.54342991499741,-0.70360157760461,-0.91606569067584,0.710906586990805,-0.787088947658043,0.327118419748069
"690",74.9708219872312,75,2020,-0.843145361136264,-0.686092509699113,1.49199064518212,0.13505657006777,0.603908117238532,-0.189947823136324,-0.44683401401632,-0.560955491893062,1.03584736132899,-0.704652670127094,-0.450410475139777,0.144115291825441,0.227548259842396,-1.58791743355503,-0.00620687947820712
"693",73.9634290818862,74,2020,-0.409069457325995,0.700359636461365,0.338609186104906,-0.403805502424848,-0.255652759945523,-0.506900288319223,-0.43559011864671,-0.564707000996696,-0.0755426531720337,-0.0917000681064799,-0.450410475139777,0.0146588198220566,0.398852179386302,0.712817894302602,-0.185797629811158
"695",76.9227941743055,77,2020,-0.37572205413134,0.518659152826683,-1.00957621895955,-0.28784784125555,-0.167168552000106,-0.566328875541017,-0.4243462232771,-0.493428328027637,-0.297820656072238,-0.736913333391337,0.116121789407795,1.02929839776553,1.37009183082181,-1.11244689159946,0.327118419748069
"697",73.9921831601019,74,2020,-0.680477469654835,-0.443122795366513,0.996612845118811,0.687560720345011,0.376377296807458,-0.338519291190808,-0.409354362784286,-0.51218587354581,0.620928422581939,0.311558222696556,-0.571363722810607,-0.446696224632069,-0.0555155885464638,-0.938089950123625,-0.185797629811158
"699",77.8942096620297,78,2020,-0.675120039409312,0.588495305876043,0.106430121647791,-0.294668880147862,-0.596948990592133,-0.437566936560464,-0.420598258153896,-0.568458510100331,-0.875743463612768,-0.107830399738601,-0.338950442039972,0.0575059322085759,-0.169588106570158,0.607250883692695,0.481887855041913
"702",78.9296813581569,79,2020,-0.153212095123545,1.39820607262012,-0.745895414958735,-0.219637452332434,-0.129246748594927,-0.863471811649984,-0.428094188400303,-0.560955491893062,0.0281870815147283,-1.51116925173317,0.192029048082811,0.422717579861837,0.530861619753514,0.311168041544751,0.629356557883113
"705",87.3696252009378,87,2020,-0.165714438718089,-0.180830464730683,0.0852983323318097,-0.212816413440123,0.3005336899971,0.562814281673061,-0.450581979139524,-0.557203982789427,-0.179272387858796,1.77941840121961,0.116121789407795,0.595738174295985,0.398852179386302,1.49933940198473,1.59204296632118
"708",73.9155904656801,74,2020,-0.823736236086395,1.64776756474601,-1.76112215104795,-0.376521346855602,0.0350810661608483,-0.160233529525427,2.51031046819117,-0.51968889175308,-1.03874733240625,-1.12404129256225,-0.571363722810607,0.231951843664303,0.575462672330941,0.712817894302602,-0.185797629811158
"711",78.9046027552817,79,2020,-0.369953226957057,1.05560010442417,-0.283477641394828,-0.294668880147862,0.224690083186743,-0.229566881284186,-0.394362502291473,-0.568458510100331,0.354194819101694,-0.88208631808043,-1.00792338559291,-0.417104750432367,1.37009183082181,0.551997441423238,0.629356557883113
"713",72.0082739555393,72,2020,-1.49010896777571,1.16809048175267,1.10677841850451,-0.165069141193941,-0.773917406482968,-0.407852642949567,-0.356882851059439,-0.613476619343948,3.09562352153754,-1.49503892010104,-0.70360157760461,0.0790436830017582,1.32172796225227,0.607250883692695,-0.573737938258313
"716",72.0023026162639,72,2020,-0.664504307044524,1.91218035338206,-1.31768485619799,-0.185532257870876,-0.129246748594927,-0.645566991836741,1.01112441890981,2.38773066356383,-0.638646927185884,-1.0111289711374,-0.450410475139777,-0.153703733697928,-0.169588106570158,1.84673347206921,-0.573737938258313
"719",75.9527993572032,76,2020,-0.505573527683794,0.887140608686693,0.0212506332350325,-0.465194852455653,-1.22897904734511,-0.209757352210255,-0.409354362784286,1.63742884283688,-0.357094790178959,0.424470544121406,-0.0489430111014471,0.0898411645844335,-1.16176916419785,-0.421507004355692,0.164586141946783
"723",94.3108872863606,93,2020,-1.25387032236525,0.602469865312936,1.51138310028603,-0.335595113501732,1.19801637058633,1.74148126157197,-0.439338083769914,-0.568458510100331,1.12475856248907,3.60214587564933,-0.235588694264219,3.23949393366028,0.0627651147812447,0.0285099185968591,2.12205345536037
"726",82.1017313323413,82,2020,-0.462404744795814,-0.277580744631134,1.21894721931161,-0.00136420777846236,0.123565274106266,-0.615852698225845,-0.4243462232771,-0.527191909960349,-0.609009860132523,0.230906564535949,0.192029048082811,1.50248877958604,0.355490174262602,-0.938089950123625,1.03210310608367
"731",72.9724263622742,73,2020,-0.735995709229737,0.110211778050092,-1.56479980810897,-0.424268619101783,-0.963526423508862,0.275576110101059,-0.43559011864671,0.887127022109939,-0.0459055861186731,-0.0755697364743584,-0.70360157760461,-0.407204374862375,-0.459442086913757,-1.32134190796824,-0.374765822209965
"734",75.984472590722,76,2020,-1.19222009913129,0.369881623975637,-0.329941777150701,-0.444731735778718,-0.0281219395144499,2.31595760471597,-0.44683401401632,-0.613476619343948,0.872843492535503,0.0212122533183698,-0.70360157760461,0.0253420903687,-0.459442086913757,-0.319326317381433,0.164586141946783
"737",72.0968656977232,72,2020,-0.88691963796858,-0.351204635354636,-1.51438246485062,4.24132198323937,-0.811839209888147,0.562814281673061,-0.420598258153896,-0.572210019203966,1.42112923302267,-0.527219022173759,-0.571363722810607,-0.174410810672971,-0.316728010834958,0.435880534003638,-0.573737938258313
"745",79.9008247226294,80,2020,-1.5271501034306,0.490741877640312,-1.07329616136844,-0.308310957932485,-0.344136967890941,1.75138602610893,-0.488061630371558,-0.613476619343948,-0.727558128345965,-0.624001011966487,-0.70360157760461,-0.367419679110481,-1.44643175828199,-1.58791743355503,0.769953824714859
"749",76.9651856987928,77,2020,-0.399142564745393,-1.59434292101615,0.513897678059387,0.189624881206263,1.22329757285645,-0.972424221556606,-0.44683401401632,-0.433404182369481,-0.238546521965517,-0.54334935380588,0.264120969475628,0.967516370941353,0.486551453223157,0.607250883692695,0.327118419748069
"752",79.0121459597355,79,2020,-0.415074700435158,-0.286788039801324,0.488413621787416,-0.396984463532536,0.452220903617816,2.28624331110507,-0.409354362784286,-0.613476619343948,0.206009483834892,0.214776232903828,-0.13921762998074,0.399982329536089,0.530861619753514,-0.13502816927819,0.629356557883113
"754",79.9824189305523,80,2020,-0.337883404206224,1.18216200629454,0.035568728789204,-0.32877407460942,0.502783308158054,-0.853567047113019,-0.398110467414676,-0.51218587354581,0.13191681620149,-0.059439404842237,-0.235588694264219,0.209877196335698,0.355490174262602,1.12473778903553,0.769953824714859
"757",74.937725442583,75,2020,-0.81105483039207,0.3280891504747,-0.0219997374091957,-0.185532257870876,-0.533745984916835,-0.804043224428191,2.51031046819117,-0.485925309820367,1.09512149543571,-0.494958358909516,-1.00792338559291,-0.724351464277925,0.486551453223157,1.46479886425325,-0.00620687947820712
"758",75.9174814109149,76,2020,-0.315850598206209,0.332731639004802,-0.361194989109754,-0.390163424640225,-0.723355001942729,-0.922900398871778,-0.439338083769914,2.38773066356383,-0.297820656072238,-0.688522338494973,-0.13921762998074,-0.184736318602758,-0.243782370750357,-0.787088947658043,0.164586141946783
"761",71.9858536400664,72,2020,-0.856354942491167,1.05560010442417,0.134438970189291,-0.315131996824797,-0.950885822373803,-1.0021385151675,0.636327906589465,-0.553452473685792,0.176372416781531,-1.31760527214771,-0.848989912480604,-0.816611309318117,-0.0166150413878237,0.435880534003638,-0.573737938258313
"764",75.0073304190549,75,2020,-1.02327251787845,-1.59434292101615,0.626563659380537,0.571603059175714,-0.268293361080583,-0.605947933688879,-0.401858432537879,-0.557203982789427,0.250465084414932,0.117994243111099,-0.338950442039972,1.46306072472219,0.710906586990805,-0.938089950123625,-0.00620687947820712
"767",81.0531322050308,81,2020,-0.475148486411631,0.0824432284235067,0.358471097605015,-0.042290441132332,1.07161035923574,-0.0512811196188057,2.51031046819117,-0.534694928167619,-0.253365055492197,0.247036896168071,0.0359676164827333,0.41134017016471,-0.316728010834958,0.607250883692695,0.904078836866191
"770",86.1610968974114,86,2020,-0.209025099426229,-1.59434292101615,3.02452712996267,0.114593453390835,2.07021784890545,-0.903090869797847,-0.431842153523507,-0.470919273405828,0.887662026062183,-0.559479685438001,0.264120969475628,1.58191306794719,2.36991669379737,0.860417941618622,1.48977344590346
"773",90.1465419800069,90,2020,-0.306810660757952,-0.277580744631134,0.675605212014175,-0.205995374547811,0.679751724048889,2.14757660758756,-0.398110467414676,-0.572210019203966,0.428287486735095,2.03750370733355,-0.450410475139777,-0.0490428487136453,0.710906586990805,-1.97748471470821,1.87370859847316
"775",69.9231498040729,70,2020,-1.80894310091303,1.70436544741498,-1.98724135400543,-0.533405241378769,4.42136966002654,0.63214763343182,-0.368126746429049,-0.613476619343948,-0.0607241196453534,0.666425518603227,-0.70360157760461,-1.08292838288655,0.894997171405729,1.12473778903553,-1.00446110685735
"778",72.0151028355734,72,2020,-0.654017514928341,1.08839471474805,0.848279468271281,-0.362879269070978,-0.875042215563445,0.325099932785887,-0.428094188400303,0.887127022109939,-0.253365055492197,-1.26921427725134,-0.235588694264219,0.309822120890204,-0.243782370750357,1.75730451446629,-0.573737938258313
"780",72.0759208916844,72,2020,-2.06471370249343,-1.54927611552663,-1.98724135400543,-0.533405241378769,-1.96213391317857,2.85081488971211,-0.488061630371558,-0.613476619343948,-1.91304081048039,-1.31760527214771,-0.70360157760461,6.88387220530371,-4.46416289011573,1.56677674955407,-0.573737938258313
"786",79.9489389518525,80,2020,-0.798570764253591,-0.731833892706524,0.351861383596657,-0.253742646793992,0.97048555015526,-0.843662282576053,-0.439338083769914,-0.429652673265847,0.354194819101694,1.15033546756687,-0.571363722810607,0.231951843664303,0.756570470766628,-0.319326317381433,0.769953824714859
"788",73.9908750870698,74,2020,-0.541610782061013,1.32300090611082,0.127454547666677,-0.403805502424848,-1.22897904734511,-0.249376410358118,-0.43559011864671,2.7628815739273,-0.253365055492197,-0.640131343598608,-0.235588694264219,-0.0172771918012465,-0.667058196488228,0.997142166099756,-0.185797629811158
"790",74.950238881781,75,2020,-0.971089714513118,1.7373965987586,0.951601040883883,4.92342587247053,-0.584308389457073,1.28586209287155,-0.371874711552252,-0.545949455478523,0.946936160168905,0.00508192168624881,-0.70360157760461,-0.534487630163483,-0.0166150413878237,0.0285099185968591,-0.00620687947820712
"791",82.9742562752805,83,2020,-0.153212095123545,-0.378793184247337,0.30528628893878,-0.32877407460942,-0.356777569026,0.0675760548247813,-0.443086048893117,-0.564707000996696,-0.283002122545557,1.08581414103839,-0.338950442039972,-0.13292179887171,-0.131964518343562,-1.32134190796824,1.15437269572658
"792",70.9873448311946,71,2020,-1.49912139373996,1.48288672842126,0.378235018804236,-0.533405241378769,-0.900323417833564,0.0972903484356781,-0.488061630371558,-0.613476619343948,1.02102882780231,1.32776911552021,-0.70360157760461,-1.05698710214631,-1.84572849840372,0.374694090411953,-0.783391710583977
"795",71.9397798228757,72,2020,-1.65874806323979,-1.18285249174443,1.81614531348579,-0.533405241378769,2.52527948976759,-0.170138294062393,-0.488061630371558,-0.467167764302194,-1.91304081048039,0.730946845131714,-0.70360157760461,-0.987072809923916,-0.0555155885464638,-1.11244689159946,-0.573737938258313
"802",70.0192142137396,70,2020,-0.707780843994947,1.0837090072924,0.224172337940637,-0.32877407460942,-0.179809153135166,-0.209757352210255,-0.409354362784286,0.887127022109939,-0.0162685190653126,-0.833695323184066,-0.450410475139777,-0.347417184552131,-0.316728010834958,1.53332504569848,-1.00446110685735
"804",72.9382855106541,73,2020,-1.7271426778876,0.439585883734679,-1.98724135400543,0.244193192344756,1.17273516831621,-1.38842433210916,-0.394362502291473,-0.613476619343948,2.65106751573713,1.68263641142688,-0.848989912480604,-2.56047169251307,-1.60151086762296,-0.787088947658043,-0.374765822209965
"807",95.0139027291475,95,2020,-1.05738305336321,0.98536808220892,0.345240755302332,-0.274205763470927,-0.0407625406495095,2.63291006989887,-0.409354362784286,-0.557203982789427,0.591291355528578,2.31171934507961,-0.571363722810607,-0.184736318602758,-0.632921903574403,0.997142166099756,2.27152312357518
"809",73.0007459549569,73,2020,-0.88691963796858,0.555897485105135,-0.291187296074401,-0.226458491224746,1.09689156150586,-0.19985258767329,-0.4243462232771,1.63742884283688,-0.179272387858796,-0.494958358909516,-0.571363722810607,0.50290876046174,0.575462672330941,0.660818162494064,-0.374765822209965
"812",80.9106924563912,81,2020,-0.521166898817771,-1.59434292101615,0.830777803829203,0.278298386806314,1.19801637058633,0.156718935657472,-0.450581979139524,-0.527191909960349,0.220828017361572,-0.478828027277394,-0.450410475139777,0.0467656301214065,1.37009183082181,-0.0510158439768526,0.904078836866191
"813",70.032264451759,70,2020,-1.08865735368929,1.92163717896528,-1.17518222764789,-0.458373813563341,-0.849761013293326,-0.338519291190808,-0.488061630371558,2.38773066356383,1.91014083940312,-0.704652670127094,-0.70360157760461,-1.15986441389778,-1.22569877956058,0.435880534003638,-1.00446110685735
"816",74.9918975457681,75,2020,-0.718953308962925,-1.53123864931551,-1.02769463168549,-0.32877407460942,-0.217730956540344,2.42491001462259,-0.43559011864671,-0.564707000996696,0.798750824902102,0.0212122533183698,-0.338950442039972,0.377325289819247,0.269819868718176,-0.319326317381433,-0.00620687947820712
"819",79.8554428641405,80,2020,-0.175187836976322,-0.722688245543369,-0.416429599136641,-0.383342385747913,-0.824479811023206,-0.87337657618695,-0.420598258153896,-0.572210019203966,-0.786832262452686,0.58577386044262,-0.338950442039972,-0.0172771918012465,0.0227985276103175,-1.58791743355503,0.769953824714859
"822",76.9590121696648,77,2020,-0.76519928681983,-1.27355157297931,-0.0656995309893349,0.326045659052495,0.0730028695660272,-0.150328764988462,-0.431842153523507,1.26227793247341,-0.0162685190653126,-0.575610017070123,-0.235588694264219,0.254103716289219,-0.131964518343562,2.19837439966968,0.327118419748069
"826",70.0203732854577,70,2020,-0.836622694327281,1.03218303023359,-0.456310835136476,-0.362879269070978,-0.0786843440546885,0.503385694451267,-0.416850293030693,-0.575961528307601,-0.164453854332115,-0.624001011966487,-0.235588694264219,1.0417160028037,0.575462672330941,-1.97748471470821,-1.00446110685735
"828",70.9944968825671,71,2020,-0.439476555272094,1.59591623596135,-1.41505392404369,-0.281026802363239,-1.27954145188535,-0.823852753502122,-0.450581979139524,-0.575961528307601,-0.268183589018877,-1.65634223642226,-0.338950442039972,-0.164066621189743,0.185680533534992,0.660818162494064,-0.783391710583977
"831",75.9214121655296,76,2020,-0.608326617603001,1.20092755352834,-0.199565422605746,-0.424268619101783,-0.356777569026,-0.566328875541017,-0.409354362784286,2.01257975320035,-0.283002122545557,0.763207508395956,-1.00792338559291,-0.65871390398496,-0.38857482575927,-0.421507004355692,0.164586141946783
"832",78.9228794231804,79,2020,-0.222206083610229,0.374526628997511,-0.207126724684959,-0.36970030796329,-0.470542979241537,0.988719156762581,-0.420598258153896,1.63742884283688,0.487561620841816,0.989032151245656,-0.571363722810607,-0.649265744375162,-0.632921903574403,-1.11244689159946,0.629356557883113
"835",73.9098643438177,74,2020,-1.00275465719904,1.26663847386254,-1.98724135400543,-0.0354694022400205,0.287893088862041,-0.0710906486927369,-0.420598258153896,-0.51218587354581,-0.119998253752075,-1.31760527214771,-0.70360157760461,-0.397285696417532,0.941594359750981,0.374694090411953,-0.185797629811158
"838",78.9046315831003,79,2020,-0.460297375077971,0.31880501512318,-0.384782055748793,-0.0695745967015785,-0.470542979241537,-0.308804997579911,-0.41310232790749,-0.545949455478523,0.294920684994973,0.182515569639584,-0.70360157760461,-0.534487630163483,0.227548259842396,0.551997441423238,0.629356557883113
"839",69.9070876768479,70,2020,-1.88971032839263,-1.59434292101615,-1.98724135400543,0.85126565376049,-1.96213391317857,0.0576712902878157,-0.488061630371558,-0.613476619343948,-1.91304081048039,-0.382046037484666,-0.70360157760461,1.12921242229015,-0.901611311127745,1.49933940198473,-1.00446110685735
"841",77.9661229887792,78,2020,-0.454003194595417,-0.493624276802125,0.358471097605015,0.107772414498524,1.0842509603708,-0.259281174895083,2.88510698051151,-0.467167764302194,-0.342276256652278,0.0534729165826132,0.116121789407795,0.479898738888379,0.269819868718176,0.0285099185968591,0.481887855041913
"843",71.0335562623865,71,2020,-0.814206387925707,-0.0747131418264124,2.31293822696942,-0.212816413440123,-0.318855765620821,-1.0021385151675,-0.44683401401632,-0.425901164162212,0.620928422581939,-1.18856261909074,-0.571363722810607,-0.387348698625107,0.355490174262602,-0.532130609394434,-0.783391710583977
"845",71.0237603644508,71,2020,-1.0401220032251,0.00844499413267256,0.669509077915528,-0.321953035717109,-1.33010385642559,1.93957655231128,-0.364378781305845,2.01257975320035,0.917299093115544,0.117994243111099,-1.00792338559291,-1.36683022401233,-0.934553497011451,-0.0510158439768526,-0.783391710583977
"847",76.8768619819545,77,2020,-0.521166898817771,1.14464297305955,-0.184482615772704,-0.458373813563341,-0.849761013293326,-0.427662172023498,0.261531394269124,1.63742884283688,-1.40921067057326,0.440600875753528,-0.571363722810607,-0.770702340917246,-1.41516857581964,-0.13502816927819,0.327118419748069
"848",86.1669151718029,86,2020,-0.215594920886336,-0.245345569375258,-0.0950858205855108,-0.342416152394043,0.856720139939724,0.156718935657472,-0.4243462232771,-0.549700964582157,-0.0607241196453534,0.456731207385649,-0.13921762998074,0.354746329373884,0.530861619753514,-0.0510158439768526,1.48977344590346
"853",72.9749388697632,73,2020,-0.389315818826324,1.6854956969121,-1.53448843956038,-0.417447580209471,-1.38066626096583,-0.447471701097429,-0.450581979139524,1.26227793247341,-1.02392879887957,-1.02725930276952,0.0359676164827333,-0.0911328291733922,-1.03262786359585,0.311168041544751,-0.374765822209965
"855",73.9336178573731,74,2020,-0.849722407549264,0.765684944441118,-0.392672639348809,-0.192353296763188,0.123565274106266,-0.447471701097429,2.88510698051151,-0.44841021878402,-0.179272387858796,-1.25308394561922,-0.848989912480604,-0.524805603936923,1.37009183082181,-1.11244689159946,-0.185797629811158
"856",89.4175779936313,89,2020,-0.290739214630253,0.411696688002704,1.08501066663177,-0.424268619101783,-0.521105383781775,3.22719594211681,-0.405606397661083,0.136825201382996,0.769113757848742,2.55367431956144,0.192029048082811,0.298639663067223,-0.9673677905203,-0.13502816927819,1.78378780513179
"859",71.0164350022877,71,2020,-0.371872418494825,0.355948282987165,-0.337734168324498,-0.199174335655499,-0.609589591727193,-0.62575746276281,-0.431842153523507,0.136825201382996,-0.786832262452686,-0.914346981344673,-0.848989912480604,-0.853021696516818,-0.131964518343562,-0.0510158439768526,-0.783391710583977
"861",74.9192187320637,75,2020,-0.672453808046379,1.93109492665666,-0.823439739686621,-0.396984463532536,0.275252487726981,-0.853567047113019,-0.416850293030693,-0.613476619343948,0.117098282674809,-1.44664792520468,-0.70360157760461,-0.601756254441421,-0.0939518433829008,-1.11244689159946,-0.00620687947820712
"863",73.9679457245711,74,2020,-1.38502054178474,-0.635739208718663,0.620389398609467,-0.240100569009369,-0.141887349729986,1.49386214814783,-0.420598258153896,-0.553452473685792,-1.26102533530645,-0.140091063002844,-0.571363722810607,1.09159096783738,-0.0555155885464638,0.660818162494064,-0.185797629811158
"866",74.9719406800257,75,2020,-0.537028195312539,0.74234850218713,-0.711847130393068,0.0804882589292771,1.86796823074449,-0.546519346467085,1.38592093123015,-0.568458510100331,0.872843492535503,-1.38212659867619,-0.338950442039972,-0.286967533135778,-0.0555155885464638,1.42968114519269,-0.00620687947820712
"869",79.9605422793073,80,2020,-0.280164094763851,-1.38672091924314,0.291879602469263,0.414719164652547,0.553345712698293,-0.209757352210255,-0.439338083769914,-0.470919273405828,-0.268183589018877,0.150254906375341,0.192029048082811,0.678004784668305,1.03543346826036,0.0285099185968591,0.769953824714859
"873",71.9648509586012,72,2020,-0.89387889060386,2.00678998968716,-1.40522979067042,-0.437910696886406,-0.723355001942729,-0.883281340723916,2.88510698051151,1.63742884283688,-1.15729560061969,-0.414306700748908,-0.70360157760461,-0.456523553445375,-0.632921903574403,0.997142166099756,-0.573737938258313
"879",74.9425945047707,75,2020,-0.615778816676022,0.611787589858108,-0.512753870536662,-0.444731735778718,-0.938245221238743,0.107195112972644,1.76071744355049,-0.575961528307601,0.369013352628374,-0.349785374220423,-0.70360157760461,-0.582626761098842,-0.424124388388856,0.245075100299846,-0.00620687947820712
"887",69.0181511127199,69,2020,-1.02327251787845,-0.272976637244944,1.82934971646635,-0.342416152394043,-0.116606147459867,-0.239471645821152,-0.443086048893117,-0.613476619343948,0.902480559588864,-0.365915705852544,-1.00792338559291,-1.462800350573,-0.835326720241946,-0.319326317381433,-1.23774187683341
"889",73.0031831814386,73,2020,-1.02744759535117,-1.59434292101615,0.865699813074698,0.278298386806314,0.717673527454068,-0.734709872669432,-0.431842153523507,-0.452161727887655,-0.283002122545557,-2.04347019559317,-0.338950442039972,1.15439612835164,1.41863002702815,0.435880534003638,-0.374765822209965
"892",72.9903904535745,73,2020,-0.523416136822486,-0.365000307728577,-0.245133605083777,-0.533405241378769,-1.0140888280491,1.99900513953307,-0.405606397661083,-0.613476619343948,0.398650419681735,-0.0433090732101155,-0.70360157760461,-0.853021696516818,-1.28922951305469,0.551997441423238,-0.374765822209965
"895",69.8992829048839,70,2020,-2.0277779750794,-1.59434292101615,-1.98724135400543,-0.533405241378769,3.43540277149189,-1.38842433210916,-0.488061630371558,-0.613476619343948,-1.91304081048039,-1.65634223642226,-0.70360157760461,1.83845742386702,-1.60151086762296,1.39396250545696,-1.00446110685735
"900",72.9609314671535,73,2020,-1.0401220032251,1.16809048175267,-0.561708557578166,-0.465194852455653,-0.0534031417845692,-0.883281340723916,-0.428094188400303,2.38773066356383,-0.935017597719489,-0.382046037484666,-0.70360157760461,-0.843945432647316,-0.9673677905203,0.176150887934848,-0.374765822209965
"904",72.9761809033963,73,2020,-0.918747084548594,2.54302416753929,-1.7505980794246,-0.533405241378769,-0.331496366755881,-0.487090759245292,2.13551395587083,2.01257975320035,0.265283617941612,-0.511088690541637,-1.00792338559291,-1.30985426543208,-0.9673677905203,-1.32134190796824,-0.374765822209965
"905",68.0096420760963,68,2020,-1.49912139373996,0.877791579369898,1.78512446120581,0.244193192344756,-0.811839209888147,-0.338519291190808,-0.439338083769914,-0.523440400856715,0.413468953208415,0.392209880857163,-0.848989912480604,-1.72358943755144,-0.632921903574403,1.08313062163758,-1.48409773657962
"908",75.9520963554885,76,2020,-0.483741012476003,1.70436544741498,0.0427094114247599,1.51290642631472,-0.900323417833564,-0.903090869797847,-0.431842153523507,0.511976111746467,-0.357094790178959,-1.17243228745862,-0.571363722810607,-0.184736318602758,0.103258677118861,-0.319326317381433,0.164586141946783
"911",78.9459881200024,79,2020,-0.449830101283383,-0.125484674116835,0.345240755302332,-0.15824810230163,0.414299100212637,-0.120614471377565,-0.4243462232771,-0.549700964582157,-0.712739594819285,0.150254906375341,-0.13921762998074,0.630875975194523,0.620343742786785,-0.787088947658043,0.629356557883113
"914",77.8917481277808,78,2020,-0.591177524000425,-1.59434292101615,-0.537164279586344,-0.11732186894776,1.26121937626163,-0.259281174895083,-0.398110467414676,-0.440907200576751,-0.357094790178959,-0.801434659919823,-0.13921762998074,0.595738174295985,1.27354224177781,-1.32134190796824,0.481887855041913
"920",73.9974881454167,74,2020,-1.08865735368929,0.263123847091576,1.46269381263233,-0.458373813563341,-0.824479811023206,0.0180522321399533,2.88510698051151,2.7628815739273,0.0874612156214494,-0.059439404842237,-0.450410475139777,-0.0172771918012465,-1.09741984473073,-1.11244689159946,-0.185797629811158
"922",67.8694956929449,68,2020,-2.10730353630424,-1.59434292101615,-1.98724135400543,-0.533405241378769,2.58848249544289,-1.38842433210916,-0.488061630371558,-0.613476619343948,-1.91304081048039,1.42455110531294,-0.70360157760461,4.93863477396598,-3.37651426915894,0.374694090411953,-1.48409773657962
"924",73.9629145555942,74,2020,-1.181625612629,0.0870705950698409,0.620389398609467,-0.212816413440123,-0.773917406482968,-0.447471701097429,-0.488061630371558,-0.542197946374888,1.30258096480923,-0.88208631808043,-0.571363722810607,-0.426986839601,-0.352780716197227,1.12473778903553,-0.185797629811158
"927",84.094713585091,84,2020,-0.222206083610229,0.212118576288989,0.16225885010867,-0.308310957932485,-0.596948990592133,0.87976674685596,-0.420598258153896,-0.557203982789427,0.294920684994973,1.76328806958749,-0.70360157760461,-0.476123566050521,-0.280401067491587,-0.421507004355692,1.27121024023552
